Rk,Player,Age,Team,Pos,G,GS,MP,FG,FGA,FG%,3P,3PA,3P%,2P,2PA,2P%,eFG%,FT,FTA,FT%,ORB,DRB,TRB,AST,STL,BLK,TOV,PF,PTS,Awards
1,Tyrese Maxey,25,PHI,PG,57,57,2190,9.5,20.4,0.465,3.1,8.4,0.376,6.3,12,0.527,0.542,5.2,5.8,0.892,0.3,3.6,3.9,6.4,1.9,0.7,2.3,2.1,27.2,AS
2,Amen Thompson,23,HOU,PG,56,56,2073,6.5,12.7,0.51,0.3,1.6,0.194,6.1,11.1,0.556,0.522,3.6,4.5,0.782,2.7,4.6,7.3,5.1,1.5,0.6,2.5,2.1,16.8,
3,Mikal Bridges,29,NYK,SF,59,59,2014,6.6,13.2,0.498,2.2,5.8,0.382,4.4,7.5,0.587,0.581,1.1,1.4,0.829,1.1,3.3,4.4,4.2,1.5,0.8,1.1,2.1,16.5,
4,Kevin Durant,37,HOU,SF,55,55,2011,9,17.8,0.508,2.3,5.8,0.402,6.7,12,0.559,0.573,5.3,6,0.886,0.6,4.8,5.3,4.5,0.8,0.9,3.1,2,25.7,AS
5,Toumani Camara,25,POR,PF,60,60,2008,5,11.5,0.436,2.7,7.6,0.362,2.3,3.9,0.581,0.555,1.3,1.9,0.692,1.8,3.9,5.7,2.8,1.1,0.5,2.1,3.3,14,
6,Julius Randle,31,MIN,PF,60,60,2004,8.1,16.8,0.484,1.6,5,0.318,6.5,11.8,0.556,0.532,5.5,6.6,0.822,1.8,5.6,7.3,5.7,1.2,0.3,2.8,3.1,23.3,
7,Jabari Smith Jr.,22,HOU,PF,57,57,1985,5.8,12.8,0.455,2.3,6.3,0.368,3.5,6.5,0.541,0.546,2,2.7,0.769,1.5,5.5,7.1,1.8,0.8,1,1.3,2.6,16,
8,Desmond Bane,27,ORL,SG,58,58,1979,7.8,16,0.486,2.2,5.7,0.391,5.6,10.4,0.538,0.555,3.7,4,0.914,1.3,3.1,4.4,4.3,1,0.5,2.2,3.3,21.4,
9,Scottie Barnes,24,TOR,PF,57,57,1953,7.8,15.7,0.5,0.9,3.2,0.292,6.9,12.5,0.552,0.529,3.4,4.2,0.824,2.2,6.5,8.7,5.8,1.4,1.7,2.9,3,20,AS
10,DeMar DeRozan,36,SAC,PF,61,61,1945,7.2,14.7,0.492,0.8,2.3,0.333,6.5,12.4,0.522,0.518,5.6,6.4,0.867,0.5,2.9,3.4,4.4,1.3,0.3,1.2,2.3,20.7,
11,VJ Edgecombe,20,PHI,SG,55,55,1943,5.8,13.5,0.431,2.1,5.8,0.36,3.7,7.6,0.485,0.509,1.9,2.4,0.808,1.6,4.1,5.7,4,1.5,0.5,1.9,3.1,15.6,
12,Brandon Ingram,28,TOR,SF,57,57,1939,8.6,18.3,0.47,1.9,5.2,0.368,6.7,13.1,0.511,0.522,4,4.8,0.829,0.9,5.3,6.1,4,0.8,0.8,2.6,2.1,23.1,AS
13,Dyson Daniels,22,ATL,SG,58,58,1937,5.5,11,0.497,0.2,1.6,0.129,5.3,9.4,0.559,0.507,1.1,1.8,0.598,2.4,4.7,7,6.7,2.1,0.4,2,2.4,12.2,
14,Nickeil Alexander-Walker,27,ATL,SG,58,51,1925,7.3,16.8,0.431,3.3,8.8,0.373,4,8,0.495,0.529,3.7,4.2,0.888,0.6,3.2,3.9,4.1,1.3,0.6,2.3,2.3,21.5,
15,Derrick White,31,BOS,SG,56,56,1922,6.3,16,0.391,3,9.2,0.324,3.3,6.8,0.481,0.484,2.5,2.8,0.893,1.2,3.5,4.7,5.9,1.2,1.6,1.9,1.6,18,
16,Jalen Johnson,24,ATL,SF,54,54,1901,8.7,17.6,0.494,1.6,4.7,0.343,7.1,12.9,0.549,0.54,4.5,5.8,0.783,1.6,9.3,10.9,8.1,1.3,0.5,3.5,2.2,23.5,AS
17,Kon Knueppel,20,CHO,SF,59,58,1884,7.5,15.3,0.491,4,9,0.442,3.5,6.3,0.561,0.621,2.9,3.2,0.893,1.4,4.8,6.1,3.9,0.8,0.3,2.4,2.4,21.9,
18,Jamal Murray,28,DEN,PG,54,54,1882,9.1,18.8,0.483,3.2,7.6,0.421,5.9,11.2,0.525,0.568,4.5,5.1,0.884,0.4,4.1,4.5,7.6,1,0.4,2.4,1.6,25.9,AS
19,Jalen Brunson,29,NYK,PG,54,54,1874,9.8,21,0.468,2.9,7.9,0.372,6.9,13.1,0.526,0.538,5.1,6.1,0.844,0.5,3,3.5,6.4,0.7,0.1,2.4,2.5,27.7,AS
20,Jaden McDaniels,25,MIN,PF,58,58,1871,6.4,12.3,0.518,1.7,3.8,0.449,4.7,8.5,0.549,0.588,2.4,2.8,0.845,1.3,3.7,5,3.2,1.2,1.2,2,3.8,16.9,
21,Donte DiVincenzo,29,MIN,SG,60,60,1867,5.1,12.1,0.419,3.6,9.2,0.391,1.5,2.9,0.51,0.568,1.2,1.6,0.759,1.2,4,5.1,4.9,1.6,0.5,1.8,3,14.9,
22,Payton Pritchard,28,BOS,PG,57,48,1865,7.1,15.3,0.462,2.9,7.9,0.363,4.2,7.4,0.566,0.555,1.9,2.2,0.866,1,3.7,4.6,5.9,0.9,0.1,1.4,1.6,18.9,
23,Trey Murphy III,25,NOP,SF,52,52,1853,7.8,16.5,0.476,3.3,8.6,0.378,4.6,7.8,0.586,0.575,3.4,3.8,0.892,1.1,4.7,5.8,3.9,1.5,0.3,1.8,2.1,22.3,
24,Donovan Mitchell,29,CLE,SG,55,55,1840,10.7,22.1,0.483,3.7,10.1,0.369,6.9,12,0.578,0.567,5.6,6.6,0.852,0.8,4,4.8,6.3,1.7,0.3,3.3,2.6,30.7,AS
25,Immanuel Quickley,26,TOR,PG,56,56,1818,6.7,14.9,0.449,3,7.8,0.382,3.7,7,0.522,0.549,2.8,3.5,0.803,0.6,4.1,4.7,6.6,1.3,0.1,1.8,2.3,19.2,
26,Anthony Black,22,ORL,PG,58,38,1815,6.5,14.4,0.454,1.9,5.6,0.343,4.6,8.8,0.525,0.521,3.1,4.2,0.735,0.8,3.7,4.5,4.5,1.6,0.8,2.5,3.1,18,
27,Rudy Gobert,33,MIN,C,57,57,1792,5.1,7.2,0.708,0,0.1,0,5.1,7.2,0.714,0.708,2.4,4.7,0.502,4.4,8.6,13.1,1.9,0.8,1.9,1.6,3.1,12.6,
28,James Harden,36,2TM,PG,51,51,1784,7.4,17.3,0.427,3.1,8.7,0.36,4.3,8.6,0.493,0.517,7.3,8.2,0.899,0.7,4.3,4.9,8.4,1.3,0.4,3.7,2.1,25.2,
28,James Harden,36,LAC,PG,44,44,1559,7.5,17.8,0.419,3.1,9,0.347,4.3,8.8,0.492,0.506,7.8,8.6,0.901,0.6,4.3,4.9,8.3,1.3,0.4,3.7,1.9,25.8,
28,James Harden,36,CLE,PG,7,7,225,6.9,13.9,0.494,3.2,6.6,0.488,3.7,7.4,0.5,0.609,4.2,4.8,0.867,1,4.2,5.1,9,1,0.8,3.7,3.2,21.1,
29,Jaylen Brown,29,BOS,SF,52,52,1782,11.3,23.7,0.479,2.1,6.3,0.341,9.2,17.4,0.528,0.524,5.8,7.4,0.779,1.2,6.3,7.5,5.1,1.1,0.5,3.8,2.9,30.6,AS
30,Cade Cunningham,24,DET,PG,51,51,1782,9.2,20.1,0.459,2.1,6.1,0.339,7.1,13.9,0.512,0.511,5.7,7,0.812,1,4.9,5.9,10.1,1.5,1,3.8,3.3,26.2,AS
31,Anthony Edwards,24,MIN,SG,50,50,1778,10.4,21.1,0.493,3.4,8.6,0.399,6.9,12.4,0.559,0.575,5.8,7.3,0.789,0.7,4.6,5.3,3.7,1.4,0.8,2.9,1.8,30,AS
32,Ryan Rollins,23,MIL,PG,55,50,1772,7.4,15.7,0.47,2.8,6.6,0.418,4.6,9.1,0.507,0.558,1.7,2.3,0.766,0.9,4.2,5.1,6.1,1.7,0.5,2.8,3,19.2,
33,Royce O'Neale,32,PHO,SF,60,55,1761,4.3,10.3,0.417,3.4,8.3,0.402,0.9,1.9,0.484,0.581,0.4,0.6,0.7,1,5,6,3.5,1.4,0.4,1.8,2.8,12.4,
34,Miles Bridges,27,CHO,PF,55,55,1753,7.2,16.1,0.45,2.4,7.2,0.333,4.8,8.9,0.545,0.525,3.3,4,0.845,1.1,5.7,6.8,3.9,0.6,0.6,1.7,2,20.2,
35,Pascal Siakam,31,IND,PF,52,52,1752,9.6,19.8,0.483,2,5.2,0.373,7.6,14.6,0.523,0.533,4.4,6.4,0.682,1.6,5.6,7.2,4.2,1.2,0.5,2.4,2.6,25.5,AS
36,Onyeka Okongwu,25,ATL,C,55,44,1733,6.7,14,0.48,2.3,6.1,0.377,4.4,7.9,0.559,0.562,2.5,3.2,0.783,2.2,6.8,8.9,3.7,1.2,1.2,2.2,3.9,18.2,
37,Karl-Anthony Towns,30,NYK,C,55,55,1723,7.6,16,0.477,1.9,5.1,0.367,5.7,10.9,0.529,0.536,5.8,6.8,0.855,3.5,9.9,13.4,3.3,1,0.7,2.9,4,22.9,AS
38,Alperen Şengün,23,HOU,C,51,51,1720,8.5,17,0.5,0.6,2,0.295,7.9,15,0.527,0.517,4.2,6,0.693,3.3,6.5,9.8,6.8,1.4,1.2,3.4,3.4,21.7,AS
39,Matas Buzelis,21,CHI,PF,60,60,1711,6.9,14.7,0.471,2.7,7.3,0.364,4.3,7.4,0.577,0.562,2.9,3.7,0.773,1.3,5.6,6.9,2.6,0.9,1.9,2.5,3.1,19.4,
40,Naji Marshall,28,DAL,SF,57,33,1705,6.9,13,0.533,1,3.5,0.297,5.9,9.5,0.619,0.572,3.9,5.1,0.76,1.1,4.9,6,3.7,1.3,0.1,1.7,2.3,18.7,
41,Collin Gillespie,26,PHO,PG,59,40,1694,5.9,13.7,0.433,3.8,9.1,0.423,2.1,4.6,0.454,0.574,1.3,1.5,0.845,1.3,3.9,5.1,5.9,1.7,0.3,2.1,2,17,
42,Andrew Wiggins,30,MIA,SF,54,54,1684,7,14.8,0.475,2.4,5.8,0.408,4.7,9,0.519,0.556,2.2,2.8,0.78,2.1,3.8,5.9,3.2,1.3,1.1,1.9,2.6,18.6,
43,CJ McCollum,34,2TM,PG,56,40,1676,8.2,18.3,0.452,3.1,8.2,0.379,5.2,10.1,0.511,0.536,2.9,3.8,0.778,0.9,3.3,4.1,4.2,0.9,0.5,2.1,2.2,22.5,
43,CJ McCollum,34,WAS,SG,35,35,1082,8,17.6,0.454,3.2,8.1,0.393,4.8,9.5,0.505,0.544,2.7,3.4,0.804,0.8,3.4,4.1,4.2,0.8,0.3,1.9,2.4,21.9,
43,CJ McCollum,34,ATL,PG,21,5,594,8.7,19.5,0.449,2.9,8.2,0.353,5.8,11.2,0.519,0.523,3.3,4.5,0.743,1.1,3.1,4.2,4.3,1.2,0.7,2.3,1.8,23.7,
44,Paolo Banchero,23,ORL,PF,48,48,1673,7.5,16.6,0.451,1.2,3.9,0.311,6.3,12.8,0.494,0.488,6.2,8.1,0.771,1.1,7.6,8.7,5.2,0.7,0.7,2.9,2,22.4,
45,Cooper Flagg,19,DAL,SF,49,49,1669,8.2,17,0.482,1.1,3.7,0.302,7.1,13.3,0.532,0.515,4,5,0.804,1.2,5.7,6.9,4.4,1.3,0.8,2.3,2.3,21.5,
46,Wendell Carter Jr.,26,ORL,C,56,56,1661,5.1,10.2,0.497,1.3,3.9,0.322,3.8,6.3,0.605,0.558,2.7,3.4,0.792,2.6,6.6,9.2,2.5,0.9,0.8,1.5,4.3,14.1,
47,Nikola Vučević,35,2TM,C,55,48,1649,7.9,15.8,0.499,1.9,5.2,0.368,6,10.6,0.563,0.559,1.5,1.8,0.817,2.5,8.1,10.6,4.2,0.8,0.8,1.7,2.4,19.2,
47,Nikola Vučević,35,CHI,C,48,48,1480,8.1,16.1,0.505,2,5.3,0.376,6.1,10.8,0.568,0.567,1.5,1.8,0.838,2.4,8.1,10.5,4.4,0.8,0.8,1.7,2.4,19.7,
47,Nikola Vučević,35,BOS,C,7,0,169,6.2,14.1,0.439,1.3,4.5,0.286,4.9,9.6,0.511,0.485,1.1,1.7,0.625,3.2,8.3,11.5,2.1,1.1,1.1,1.9,2.8,14.7,
48,Julian Champagnie,24,SAS,SF,59,45,1646,4.7,10.9,0.433,3.2,8.4,0.382,1.5,2.6,0.598,0.579,2,2.4,0.852,1.1,6.4,7.5,1.9,1,0.6,1.1,2,14.7,
49,Luka Dončić,26,LAL,PG,46,46,1640,10.5,22.3,0.47,3.7,10.4,0.357,6.8,11.9,0.569,0.553,8.4,10.8,0.773,0.7,7.1,7.8,8.7,1.4,0.5,4.1,2.5,33,AS
50,Shai Gilgeous-Alexander,27,OKC,PG,49,49,1632,11.8,21.3,0.554,1.9,4.9,0.39,9.9,16.3,0.603,0.599,8.9,10,0.892,0.6,4.2,4.8,6.9,1.4,0.8,2.3,2.2,34.4,AS
51,Keyonte George,22,UTA,PG,48,48,1629,7.9,17.3,0.458,2.7,7.1,0.375,5.3,10.2,0.515,0.535,6.7,7.5,0.894,0.5,3.6,4.1,6.9,1.1,0.3,3.5,2.5,25.2,
52,Bam Adebayo,28,MIA,C,52,52,1628,7.6,16.9,0.447,1.9,5.6,0.339,5.7,11.3,0.501,0.503,4.2,5.5,0.771,2.3,9,11.3,3.3,1.1,0.8,2,1.9,21.3,
53,Saddiq Bey,26,NOP,SF,53,45,1622,6.9,15.2,0.455,2.3,6.6,0.355,4.6,8.6,0.532,0.532,4.1,4.7,0.86,1.9,4.9,6.8,3,1.1,0.1,1,1.4,20.3,
54,Russell Westbrook,37,SAC,SF,56,50,1617,7.1,16.4,0.431,2.5,7.4,0.338,4.5,8.9,0.507,0.507,2.4,3.4,0.706,1.6,5.2,6.8,7.9,1.6,0.2,4.3,3,19,
55,Kris Dunn,31,LAC,PG,58,52,1613,3.8,7.9,0.483,1.3,3.5,0.369,2.5,4.4,0.573,0.565,1.3,1.6,0.781,1,3,4,4.6,1.9,0.2,1.8,3.1,10.2,
56,Bub Carrington,20,WAS,PG,58,29,1611,4.4,11.3,0.393,2.6,6.7,0.381,1.9,4.6,0.41,0.506,1.2,1.7,0.733,0.6,4.2,4.8,5.9,0.8,0.3,3.1,2.9,12.7,
57,Deni Avdija,25,POR,SF,48,48,1608,8,17.4,0.463,2.3,6.7,0.341,5.8,10.7,0.54,0.529,7.9,9.9,0.8,1.2,6.4,7.6,7.1,0.9,0.6,4.1,2.8,26.3,AS
58,Brandin Podziemski,22,GSW,SG,59,20,1605,5.8,13,0.448,2.2,6.1,0.367,3.6,6.9,0.519,0.534,2.4,3.1,0.771,1.1,5.5,6.7,4.9,1.5,0.2,2,2.4,16.3,
59,A.J. Green,26,MIL,SG,53,53,1601,4,9.4,0.432,3.6,8.4,0.425,0.5,1,0.488,0.622,0.7,0.8,0.806,0.3,2.8,3.1,2.5,0.7,0.1,1,2.9,12.3,
60,Harrison Barnes,33,SAS,PF,59,49,1594,4.7,10.6,0.443,2.5,6.6,0.374,2.2,4,0.557,0.56,1.9,2.2,0.845,1.2,2.7,3.9,2.8,0.9,0.2,1.2,1.6,13.7,
61,De'Aaron Fox,28,SAS,PG,50,50,1580,8.1,16.7,0.484,2.2,6.3,0.351,5.9,10.4,0.563,0.55,3.3,4.3,0.766,0.6,3.7,4.3,7,1.4,0.3,2.7,2.6,21.7,AS
62,Jaime Jaquez Jr.,24,MIA,SF,55,1,1574,7.7,15.2,0.503,0.7,2.6,0.259,7,12.7,0.552,0.525,2.9,3.9,0.753,1.7,5,6.7,5.8,1.1,0.3,2.8,2.4,18.9,
63,Tim Hardaway Jr.,33,DEN,SG,58,5,1572,6,13.2,0.454,3.7,9.2,0.403,2.3,4.1,0.571,0.594,2.8,3.3,0.84,0.2,3.2,3.5,1.8,0.7,0.2,0.7,1.6,18.5,
64,Max Christie,22,DAL,SG,53,44,1570,5.5,11.9,0.465,2.9,6.9,0.422,2.6,4.9,0.526,0.589,2.1,2.4,0.874,0.3,3.9,4.2,2.7,0.6,0.4,1.4,1.8,16.1,
65,Quentin Grimes,25,PHI,SG,53,7,1564,5.1,11.5,0.444,2.3,6.6,0.351,2.8,4.9,0.568,0.544,3.1,3.7,0.844,0.7,3.7,4.4,4.3,1.1,0.5,2.3,2.6,15.6,
66,Nic Claxton,26,BRK,C,53,52,1551,6.4,10.7,0.592,0.1,0.4,0.188,6.3,10.4,0.606,0.595,2.7,4.5,0.611,3.1,5.8,8.9,5,0.9,1.5,1.7,3,15.5,
67,Naz Reid,26,MIN,C,59,2,1550,7.3,15.5,0.471,3.3,8.5,0.387,4,7,0.573,0.577,1.5,2,0.727,1.6,7.2,8.7,3.4,1.4,1.3,2.2,3.4,19.3,
68,Cason Wallace,22,OKC,SG,57,47,1547,4.5,10.4,0.434,1.9,5.3,0.36,2.6,5.1,0.511,0.526,0.8,1.1,0.75,1.2,3,4.2,3.4,2.7,0.3,1.3,2.7,11.8,
69,Duncan Robinson,31,DET,SF,55,55,1539,5.3,12.2,0.437,3.8,9.5,0.4,1.5,2.7,0.57,0.593,1.4,1.9,0.763,0.5,2.9,3.4,2.5,0.8,0.4,0.9,2.7,15.9,
70,Jeremiah Fears,19,NOP,PG,60,44,1532,7,16.5,0.425,1.5,4.6,0.318,5.5,11.9,0.465,0.469,3,3.8,0.783,1,4.2,5.2,4.5,1.8,0.4,3.1,2.5,18.4,
71,Jake LaRavia,24,LAL,PF,58,33,1532,4.4,9.4,0.468,1.5,4.6,0.328,2.9,4.9,0.599,0.547,2.2,2.8,0.773,1.9,3.5,5.4,2.5,1.7,0.7,1.5,3.1,12.5,
72,Dillon Brooks,30,PHO,SF,50,50,1530,9,20.5,0.44,2.8,8,0.343,6.3,12.5,0.502,0.507,3.8,4.4,0.856,0.9,3.4,4.3,2.1,1.2,0.2,2.1,3.9,24.6,
73,Chet Holmgren,23,OKC,PF,52,52,1520,7.8,14.1,0.552,1.5,4.3,0.352,6.3,9.8,0.64,0.606,4.1,5.2,0.789,2.3,8.5,10.8,2.1,0.6,2.4,1.9,2.9,21.2,AS
74,Derik Queen,21,NOP,C,59,45,1518,6.5,13.3,0.488,0.4,1.4,0.271,6.1,11.9,0.513,0.502,3.6,4.6,0.77,2.4,7.8,10.2,5.6,1.4,1.3,3.3,4,17,
75,Donovan Clingan,21,POR,C,55,55,1518,6,11.3,0.531,1.4,4.2,0.337,4.6,7.1,0.643,0.593,2.1,3.2,0.667,6,9,15.1,2.8,0.7,1.9,1.5,2.9,15.5,
76,Michael Porter Jr.,27,BRK,SF,46,46,1509,9.5,20.3,0.47,3.8,10.2,0.369,5.7,10,0.572,0.563,4.2,4.8,0.861,1.5,6.4,7.8,3.5,1.1,0.3,2.6,2.4,27,
77,Jaylon Tyson,23,CLE,SG,55,36,1507,6.7,13.4,0.503,2.6,5.7,0.456,4.1,7.6,0.538,0.6,1.7,2.2,0.772,2.6,4.6,7.1,2.9,1.1,0.5,2,3.3,17.7,
78,Peyton Watson,23,DEN,SF,49,39,1502,6.3,12.8,0.496,1.8,4.3,0.417,4.5,8.4,0.537,0.567,3.1,4.2,0.727,1.1,4.7,5.8,2.3,1.2,1.4,2.1,2.9,17.5,
79,Jaylen Wells,22,MEM,SG,56,56,1501,5.7,13.6,0.42,2.4,7,0.34,3.4,6.7,0.504,0.507,2.6,3.4,0.775,1.2,3.3,4.5,2.3,1.1,0.2,1.6,2.9,16.5,
80,Myles Turner,29,MIL,C,53,53,1495,5.4,12.2,0.445,2.7,7.1,0.384,2.7,5.2,0.528,0.556,2.5,3.3,0.75,1.5,5.6,7.2,2,0.9,2.1,1.4,3.3,16.1,
81,OG Anunoby,28,NYK,PF,45,45,1493,6.2,13.2,0.467,2.1,6.1,0.349,4,7.1,0.57,0.548,2.9,3.6,0.795,1.5,4.3,5.8,2.5,1.9,0.8,2.1,2.7,17.4,
82,Andrew Nembhard,26,IND,PG,47,47,1489,6.9,15.6,0.441,2.2,6.1,0.369,4.6,9.5,0.487,0.513,3.8,4.6,0.821,0.5,2.7,3.2,8.4,1,0.2,2.9,2.5,19.8,
83,Noah Clowney,21,BRK,PF,52,46,1475,5,12.6,0.398,2.7,8.1,0.331,2.3,4.5,0.516,0.504,3.6,4.6,0.793,1.2,4.1,5.3,2.2,1,0.9,2.1,3.5,16.4,
84,John Collins,28,LAC,PF,53,44,1474,7,12.4,0.565,1.8,4.2,0.427,5.2,8.2,0.636,0.637,2.1,2.6,0.778,1.8,4.9,6.7,1.2,1.1,1.1,1.8,3.5,17.8,
85,Bruce Brown,29,DEN,SG,59,2,1473,4.3,9.2,0.464,0.9,2.4,0.36,3.4,6.7,0.502,0.512,1.7,2.2,0.761,1.7,4.1,5.8,3.2,1.6,0.4,1.6,3.5,11.1,
86,Nikola Jokić,30,DEN,C,43,43,1472,10.6,18.4,0.577,2.1,5.1,0.413,8.5,13.3,0.64,0.634,6.9,8.4,0.83,3.3,9.9,13.2,11,1.5,0.8,3.9,2.9,30.3,AS
87,Norman Powell,32,MIA,SG,49,49,1470,9,19,0.473,3.4,8.7,0.39,5.6,10.3,0.543,0.563,5.6,6.8,0.827,0.4,3.9,4.4,3.1,1.4,0.3,2.4,2.6,27,AS
88,Evan Mobley,24,CLE,PF,45,43,1470,7.5,14.6,0.514,1.2,4,0.305,6.3,10.6,0.594,0.556,3.1,4.9,0.635,2.5,7,9.5,4.3,1,2,2.3,2.8,19.3,
89,Devin Booker,29,PHO,SG,44,44,1467,8.8,19.3,0.454,1.8,5.9,0.308,7,13.4,0.518,0.501,7.3,8.5,0.861,0.9,3.4,4.2,6.6,1,0.3,3.5,2.9,26.7,AS
90,Stephon Castle,21,SAS,PG,49,48,1456,6.9,14.7,0.467,1.3,4.3,0.293,5.6,10.4,0.539,0.51,5.1,7,0.725,1.5,4.5,6,8.3,1.6,0.4,4,4,20.1,
91,Jarace Walker,22,IND,PF,59,24,1455,5.4,13.7,0.397,2.4,6.7,0.354,3,7,0.438,0.484,2.6,3.4,0.77,1,6.2,7.2,3.3,1.2,0.5,2.6,2.5,15.9,
92,Jaren Jackson Jr.,26,2TM,C,48,48,1454,8.5,17.8,0.476,2.1,5.8,0.357,6.4,12,0.533,0.534,4,5,0.803,1,5.7,6.7,2.3,1.3,1.7,2.6,4.4,23.1,
92,Jaren Jackson Jr.,26,MEM,C,45,45,1382,8.3,17.5,0.475,2.1,5.7,0.359,6.2,11.7,0.531,0.534,3.9,4.9,0.797,1.1,5.7,6.7,2.2,1.2,1.8,2.6,4.4,22.5,
92,Jaren Jackson Jr.,26,UTA,C,3,3,72,12,24.5,0.49,2.5,7.5,0.333,9.5,17,0.559,0.541,7,8,0.875,0.5,6,6.5,4,3,0.5,3.5,4.5,33.5,
93,Moses Moody,23,GSW,SG,57,46,1451,5.7,12.8,0.446,3.5,8.6,0.405,2.2,4.1,0.53,0.583,2.1,2.7,0.771,1.2,3.5,4.7,2.3,1.3,0.8,1.3,2.8,16.9,
94,Lauri Markkanen,28,UTA,PF,42,42,1443,9.6,20.1,0.477,2.9,8.1,0.355,6.7,12,0.559,0.548,6,6.7,0.896,2.1,5.1,7.2,2.2,1,0.5,1.6,1.9,28,
95,Reed Sheppard,21,HOU,SG,58,7,1442,6.9,16.1,0.432,3.7,9.3,0.398,3.2,6.8,0.48,0.547,1.3,1.7,0.791,0.5,3.3,3.8,4.4,2,0.9,2,2.8,18.9,
96,Kawhi Leonard,34,LAC,SF,44,44,1441,10.7,21.7,0.494,2.9,7.7,0.381,7.8,14.1,0.556,0.561,6.4,7.1,0.905,1.1,5.9,7,4.1,2.2,0.6,2.4,1.4,30.8,AS
97,Shaedon Sharpe,22,POR,SG,48,42,1439,9.7,21.2,0.456,2.5,7.4,0.34,7.1,13.8,0.518,0.515,3.8,4.9,0.784,1.2,4.1,5.3,3.2,1.7,0.2,3.6,2.4,25.6,
98,Kyle Kuzma,30,MIL,PF,54,30,1436,6.6,13.8,0.479,1.5,4.4,0.335,5.1,9.4,0.547,0.533,2.8,3.9,0.724,1.3,5.4,6.6,3.4,0.9,0.5,2.1,2.7,17.5,
99,Josh Hart,30,NYK,SF,47,33,1428,5.3,10.7,0.494,1.8,4.5,0.397,3.5,6.2,0.565,0.578,1.7,2.3,0.725,1.7,7.2,8.8,6.2,1.3,0.4,2.4,2.9,14,
100,Sion James,23,CHO,SG,60,19,1424,2.5,6.8,0.369,1.4,4,0.356,1.1,2.7,0.389,0.476,1.7,2.1,0.841,0.9,4.4,5.3,3.1,0.9,0.5,1.3,2.8,8.2,
101,Davion Mitchell,27,MIA,PG,49,49,1408,4.3,9.2,0.472,1.5,3.7,0.41,2.8,5.5,0.514,0.554,0.9,1.4,0.66,0.5,2.8,3.2,8.7,1.4,0.2,2.1,3.4,11.1,
102,Deandre Ayton,27,LAL,C,50,50,1406,7.5,11.3,0.665,0,0,NA,7.5,11.3,0.665,0.665,1.6,2.3,0.678,3.2,7.6,10.8,1.1,0.8,1.2,1.7,3,16.6,
103,Devin Vassell,25,SAS,SG,46,44,1406,6.1,13.9,0.438,3,7.8,0.383,3.1,6.1,0.508,0.545,1.8,2.1,0.841,0.6,3.9,4.5,2.8,1,0.5,1.1,1.9,16.9,
104,Rui Hachimura,27,LAL,PF,47,31,1387,5.6,11.1,0.506,2.2,5,0.44,3.4,6.1,0.559,0.604,0.9,1.3,0.735,0.7,3.4,4.1,1.1,0.7,0.4,0.9,1.9,14.3,
105,Keldon Johnson,26,SAS,SF,59,0,1384,7.7,14.2,0.541,1.8,4.8,0.383,5.9,9.5,0.621,0.605,3,3.8,0.788,2.7,5.9,8.6,2.1,1,0.2,1.4,3.1,20.2,
106,Ace Bailey,19,UTA,SF,52,41,1380,6.6,14.7,0.448,2,6.1,0.332,4.6,8.6,0.529,0.516,1,1.4,0.722,2.2,3.2,5.4,2.3,1.1,0.7,1.7,3.5,16.2,
107,Neemias Queta,26,BOS,C,55,54,1378,6,9.3,0.639,0,0.2,0,6,9.2,0.65,0.639,2.2,3.2,0.689,4.3,7.7,11.9,2.2,1.2,1.9,1.6,4,14.1,
108,LaMelo Ball,24,CHO,PG,50,47,1377,8.9,22,0.403,4.6,12.5,0.366,4.3,9.5,0.452,0.507,3,3.3,0.898,1,5.2,6.3,9.6,1.4,0.3,3.8,3.3,25.3,
109,Luguentz Dort,26,OKC,SF,49,49,1373,4,10.3,0.389,2.5,7.1,0.346,1.5,3.1,0.487,0.509,0.8,1.1,0.762,1.1,3.7,4.8,1.7,1.2,0.6,1,3.7,11.3,
110,Ayo Dosunmu,26,2TM,SG,52,10,1373,7.4,14.4,0.512,2.5,5.7,0.442,4.9,8.8,0.557,0.599,2.5,3,0.858,0.9,3,3.9,4.8,1,0.3,1.7,2.4,19.8,
110,Ayo Dosunmu,26,CHI,SG,45,10,1187,7.6,14.7,0.514,2.6,5.9,0.451,4.9,8.9,0.556,0.604,2.7,3.2,0.857,1,3.1,4.1,5,1,0.4,1.9,2.4,20.5,
110,Ayo Dosunmu,26,MIN,SG,7,0,186,6.2,12.6,0.492,1.7,4.6,0.375,4.5,7.9,0.561,0.562,1.4,1.5,0.875,0.4,2.1,2.5,3.5,1.2,0.2,0.8,2.5,15.5,
111,Anfernee Simons,26,2TM,SG,55,5,1372,7.5,17,0.44,3.8,9.9,0.385,3.6,7.1,0.517,0.552,1.8,2,0.896,0.8,2.7,3.5,3.5,0.7,0.2,1.8,2.5,20.6,
111,Anfernee Simons,26,BOS,SG,49,0,1202,7.5,17,0.44,3.9,9.9,0.395,3.6,7.2,0.502,0.555,1.9,2.2,0.889,0.8,2.8,3.5,3.5,0.8,0.2,1.6,2.5,20.8,
111,Anfernee Simons,26,CHI,SG,6,5,170,7.4,16.9,0.438,3.4,10.6,0.32,4,6.4,0.633,0.538,1.1,1.1,1,1.1,2.5,3.6,3.8,0,0.4,2.8,2.5,19.3,
112,Ausar Thompson,23,DET,SF,53,52,1370,5.9,11.5,0.511,0.2,0.6,0.286,5.7,10.9,0.523,0.518,2.3,3.9,0.577,3,5.2,8.1,4,2.7,1.1,2.1,3.8,14.1,
113,Isaac Okoro,25,CHI,SG,51,51,1357,4.5,9.8,0.459,1.6,4.6,0.337,2.9,5.2,0.569,0.539,1.9,2.3,0.807,1.6,2.2,3.8,2.1,0.9,0.6,0.9,3.2,12.5,
114,Marcus Smart,31,LAL,SG,48,41,1356,4,9.9,0.401,1.9,5.9,0.324,2,4,0.513,0.497,2.3,2.8,0.804,0.8,2.8,3.6,3.6,1.5,0.5,2,3.4,12.1,
115,Kyshawn George,22,WAS,SF,46,46,1354,6.5,14.8,0.436,2.5,6.7,0.371,4,8.1,0.49,0.52,2.7,3.3,0.808,1.1,5.3,6.4,5.6,1.2,1.1,3.3,4.4,18.1,
116,Sam Hauser,28,BOS,PF,55,27,1336,4.7,11.5,0.413,3.9,9.7,0.397,0.9,1.8,0.5,0.581,0.3,0.4,0.923,1.1,4.6,5.6,2.2,0.8,0.5,0.8,2.1,13.7,
117,LeBron James,41,LAL,SF,40,40,1334,8.7,17.6,0.498,1.5,5,0.299,7.3,12.6,0.576,0.54,4.2,5.7,0.748,0.8,5.4,6.2,7.5,1.1,0.6,3.3,1.5,23.2,AS
118,Bobby Portis,30,MIL,PF,55,9,1330,7.9,16.3,0.488,2.8,6.3,0.451,5.1,10,0.511,0.575,0.9,1.3,0.723,2,7.7,9.7,2.4,0.8,0.2,1.5,2.6,19.6,
119,Ivica Zubac,28,LAC,C,43,42,1328,7.1,11.6,0.613,0,0,NA,7.1,11.6,0.613,0.613,2.5,3.6,0.705,4,8.8,12.8,2.6,0.4,1,2.2,2.8,16.8,
120,Jarrett Allen,27,CLE,C,48,48,1321,7.8,12.3,0.633,0,0.3,0.1,7.7,12,0.645,0.634,4.2,5.8,0.735,3.4,7.8,11.3,2.5,1.3,1.2,1.8,2.3,19.8,
121,Moussa Diabaté,24,CHO,C,52,26,1318,4.7,7.2,0.645,0,0.1,0.5,4.6,7.2,0.646,0.647,2.5,3.8,0.659,5.2,7,12.3,2.4,1,1.4,1.3,3.4,11.9,
122,Zion Williamson,25,NOP,PF,44,37,1317,9.8,16.8,0.585,0,0.1,0.25,9.8,16.7,0.588,0.586,6.6,9.3,0.714,2.7,4.5,7.2,4.2,1.3,0.7,2.6,2.8,26.3,
123,Cam Spencer,25,MEM,SG,55,15,1314,5.5,11.7,0.472,3.1,7,0.44,2.4,4.7,0.52,0.604,2.7,2.8,0.933,0.7,3.3,4,8.4,1,0.2,2.1,2.2,16.8,
124,Jamal Shead,23,TOR,PG,59,7,1310,3.9,10.4,0.372,1.8,5.6,0.327,2,4.8,0.425,0.46,1.8,2.4,0.77,0.6,2.6,3.2,8.6,1.6,0.2,2.2,3.3,11.4,
125,Isaiah Collier,21,UTA,PG,51,15,1307,5.6,11.2,0.5,0.7,2.4,0.279,5,8.9,0.559,0.529,3.3,4.7,0.7,0.6,3,3.6,10.2,1.5,0.4,3.5,3.4,15.2,
126,Jalen Duren,22,DET,C,47,47,1307,9.3,14.6,0.636,0,0,NA,9.3,14.6,0.636,0.636,5,6.9,0.732,5,8.8,13.8,2.3,1.2,1,2.4,3.7,23.6,AS
127,Victor Wembanyama,22,SAS,C,45,36,1307,10,20,0.501,2.1,6.2,0.347,7.9,13.8,0.571,0.555,7.2,8.8,0.815,2.5,11.3,13.8,3.6,1.2,3.5,3.1,3.4,29.4,AS
128,Mark Williams,24,PHO,C,55,51,1300,7.1,11.2,0.635,0,0,1,7.1,11.2,0.635,0.637,3.4,4.3,0.771,4.7,7.5,12.3,1.6,1.4,1.4,1.6,3.4,17.7,
129,P.J. Washington,27,DAL,PF,42,39,1300,6.3,14,0.448,1.4,4.7,0.306,4.8,9.2,0.521,0.5,2.6,3.9,0.674,1.6,6.6,8.2,2.2,1.1,1.5,2.2,2.6,16.6,
130,Brandon Miller,23,CHO,SF,43,43,1292,8.6,20.2,0.426,3.7,10,0.372,4.9,10.2,0.478,0.518,4,4.6,0.884,1.3,4.3,5.6,4.1,1.3,1,3.5,3.3,25,
131,Jerami Grant,31,POR,PF,44,25,1290,7,15.9,0.444,2.8,7.3,0.383,4.2,8.6,0.495,0.532,6.2,7.5,0.829,1.2,3.2,4.4,2.8,0.8,0.8,2.5,3.1,23.1,
132,Egor Dёmin,19,BRK,PG,51,44,1287,5,12.4,0.398,3.4,8.9,0.386,1.5,3.5,0.429,0.536,1.5,1.8,0.831,0.6,4,4.6,4.8,1.2,0.5,2.4,2.5,14.9,
133,Kyle Filipowski,22,UTA,C,58,22,1286,6,12.2,0.494,1.4,4.1,0.345,4.6,8.1,0.569,0.552,2.8,3.9,0.709,2.9,7.8,10.7,3.4,1.5,0.7,2.6,4.7,16.2,
134,Maxime Raynaud,22,SAC,C,53,35,1281,6.5,11.8,0.552,0.3,1.2,0.25,6.2,10.6,0.588,0.565,2.1,2.6,0.777,2.9,7.6,10.4,1.7,0.7,0.7,1.4,3.5,15.4,
135,Draymond Green,35,GSW,PF,48,48,1279,4.2,10.2,0.41,2,6.2,0.32,2.2,3.9,0.554,0.508,1.2,1.6,0.707,1,6.6,7.7,6.9,1.1,0.9,3.6,4,11.5,
136,Sandro Mamukelashvili,26,TOR,C,57,11,1268,6.7,12.9,0.519,2.3,6,0.381,4.4,6.9,0.638,0.607,2.3,3,0.764,2.4,5.5,7.9,3.1,1.2,0.9,1.3,3.1,17.9,
137,Nique Clifford,23,SAC,SG,57,11,1263,4.3,10.8,0.397,1.4,4.5,0.318,2.9,6.3,0.452,0.463,1.3,1.8,0.726,1.3,3.9,5.3,3,1.4,0.5,2.1,3.2,11.3,
138,Cedric Coward,22,MEM,SG,48,35,1263,6.6,14.2,0.468,2,6,0.34,4.6,8.2,0.561,0.539,2.9,3.4,0.843,1.9,6.7,8.5,4,0.8,0.5,2.4,2.7,18.2,
139,Dennis Schröder,32,2TM,PG,49,15,1254,5.8,14.3,0.404,1.9,5.6,0.335,3.9,8.7,0.447,0.469,3.8,4.6,0.826,0.7,3.4,4.1,7.1,1.3,0.2,2.7,2.1,17.2,
139,Dennis Schröder,32,SAC,PG,40,14,1056,5.9,14.4,0.408,1.9,5.7,0.343,3.9,8.7,0.449,0.475,3.7,4.5,0.82,0.7,3.4,4.2,7.2,1.1,0.2,2.7,2.3,17.4,
139,Dennis Schröder,32,CLE,PG,9,1,198,5.3,13.8,0.382,1.5,5.1,0.286,3.8,8.7,0.438,0.434,4.4,5.1,0.857,0.2,3.5,3.6,6.9,2.4,0.4,2.5,1.5,16.4,
140,Terance Mann,29,BRK,SG,50,42,1245,4,8.8,0.461,1.3,3.6,0.365,2.7,5.1,0.528,0.536,1.6,2,0.8,1.6,3,4.6,4.7,1,0.3,1.7,3.5,11,
141,Jock Landale,30,2TM,C,54,26,1242,6.8,13.3,0.515,1.8,4.6,0.399,5,8.7,0.577,0.584,2.1,3.1,0.664,4.8,5,9.8,2.6,0.9,0.8,1.5,3.4,17.6,
141,Jock Landale,30,MEM,C,45,25,1060,6.8,13.2,0.514,1.7,4.4,0.38,5.1,8.8,0.581,0.577,2,3,0.674,4.8,5.1,9.9,2.5,0.8,0.7,1.6,3.5,17.3,
141,Jock Landale,30,ATL,C,9,1,182,7.1,13.6,0.522,2.8,5.7,0.483,4.4,7.9,0.55,0.623,2.2,3.6,0.611,4.5,4.4,8.9,2.8,1,1.4,1.2,3.2,19.2,
142,Brice Sensabaugh,22,UTA,SF,56,10,1238,7.3,16.1,0.456,3,8.7,0.349,4.3,7.4,0.58,0.55,3.3,3.9,0.836,1.2,3.7,4.8,2.5,1.1,0.2,2.1,3.1,20.9,
143,Kel'el Ware,21,MIA,C,56,29,1230,7.4,14.1,0.526,1.9,4.7,0.404,5.5,9.4,0.587,0.593,1.8,2.3,0.779,5,10.2,15.2,0.9,1.2,1.6,1.3,2.5,18.5,
144,Vit Krejci,25,2TM,PG,56,8,1227,5.2,11.3,0.461,3.5,8.7,0.403,1.7,2.6,0.652,0.616,1,1.3,0.767,0.7,2.8,3.5,2.5,1.3,0.5,1,3.6,14.8,
144,Vit Krejci,25,ATL,PG,46,8,1028,5,10.8,0.464,3.5,8.4,0.423,1.5,2.4,0.609,0.628,0.9,1.3,0.75,0.7,2.7,3.4,2.4,1.3,0.5,1.1,3.8,14.5,
144,Vit Krejci,25,POR,PG,10,0,199,6.2,13.7,0.447,3.3,10.1,0.321,2.9,3.6,0.8,0.566,1.1,1.3,0.857,0.7,3.1,3.8,3.1,1.1,0.9,0.9,2.7,16.6,
145,Oso Ighodaro,23,PHO,PF,60,7,1224,4.5,7.1,0.632,0,0,0,4.5,7.1,0.635,0.632,1.1,2.1,0.5,2.6,5.4,8,3.4,1.7,1.1,2.3,4.4,10.1,
146,Zach LaVine,30,SAC,SG,39,37,1224,7.7,16.1,0.479,2.9,7.5,0.39,4.8,8.6,0.556,0.569,3.7,4.2,0.88,0.2,2.9,3.2,2.6,0.8,0.3,2.2,2.4,22,
147,Tristan Da Silva,24,ORL,SF,53,18,1223,5,11.8,0.425,2.4,6.4,0.378,2.6,5.4,0.481,0.527,1.1,1.3,0.864,1.1,4.2,5.4,2,1.3,0.5,1.2,2,13.6,
148,Stephen Curry,37,GSW,PG,39,39,1222,10.3,21.9,0.468,5.2,13.2,0.391,5.1,8.7,0.584,0.585,5.6,6,0.931,0.5,3.6,4.1,5.6,1.3,0.5,3.3,2.2,31.3,AS
149,Jay Huff,27,IND,C,60,36,1217,5.8,12.3,0.47,2.4,7.8,0.307,3.4,4.5,0.752,0.567,1.8,2.1,0.845,1.6,5.1,6.7,2.4,1,3.4,1.4,4.3,15.8,
150,Josh Giddey,23,CHI,PG,39,36,1215,7.1,15.5,0.457,2,5.3,0.367,5.1,10.2,0.504,0.52,4.4,5.7,0.763,1.4,7.9,9.2,9.7,1.1,0.4,4.1,1.9,20.5,
151,Pelle Larsson,24,MIA,SG,49,36,1213,5.3,10.7,0.499,1.3,4,0.326,4,6.7,0.602,0.56,2.9,3.8,0.766,1.2,3.7,5,4.9,1,0.4,1.8,2.8,14.9,
152,Kelly Oubre Jr.,30,PHI,SF,37,32,1208,5.6,12,0.469,2.1,5.5,0.376,3.5,6.5,0.548,0.556,2.7,3.5,0.763,1,4.2,5.2,1.9,1.5,0.6,1.5,2.9,16,
153,Jordan Goodwin,27,PHO,PG,54,4,1206,5.5,13.4,0.408,2.5,7.1,0.356,2.9,6.3,0.467,0.502,0.9,1.3,0.721,3.1,4.6,7.6,3.6,2.4,0.3,1.6,3,14.4,
154,Santi Aldama,25,MEM,PF,43,11,1198,6.9,14.3,0.479,2.1,6,0.35,4.7,8.3,0.572,0.553,2.3,3.4,0.667,2,6.6,8.6,3.8,1.1,0.9,1.7,2.1,18.1,
155,Jimmy Butler,36,GSW,SF,38,38,1182,7.3,14.1,0.519,1,2.6,0.376,6.3,11.5,0.552,0.554,7.6,8.7,0.864,2.7,3.7,6.4,5.6,1.7,0.2,1.8,1.4,23.1,
156,Sidy Cissoko,21,POR,SF,54,24,1179,3.4,8.5,0.404,1.7,5.2,0.324,1.7,3.3,0.533,0.504,1.6,2.3,0.697,1.6,2.6,4.2,2.5,1.4,0.6,1.8,4.5,10.1,
157,De'Andre Hunter,28,2TM,SF,45,25,1176,6.4,15.3,0.415,2.3,7.5,0.305,4.1,7.8,0.522,0.49,3.8,4.4,0.867,0.9,4.7,5.7,2.8,0.9,0.2,2.3,3.4,18.8,
157,De'Andre Hunter,28,CLE,SF,43,23,1125,6.5,15.4,0.423,2.3,7.6,0.308,4.2,7.8,0.535,0.499,3.8,4.4,0.869,0.9,4.9,5.8,2.8,1,0.2,2.3,3.4,19.2,
157,De'Andre Hunter,28,SAC,SF,2,2,51,2.8,13.4,0.211,1.4,6.4,0.222,1.4,7.1,0.2,0.263,3.5,4.2,0.833,0.7,1.4,2.1,0.7,0,0,2.8,3.5,10.6,
158,Spencer Jones,24,DEN,SF,50,34,1171,3.3,6.5,0.505,1.6,3.8,0.415,1.7,2.7,0.629,0.625,0.9,1.4,0.617,1.7,3.3,5,1.3,1.3,0.7,0.8,4.3,9,
159,Klay Thompson,35,DAL,SF,53,8,1169,6.7,17.2,0.387,4.7,12.4,0.381,1.9,4.8,0.404,0.524,0.8,1.1,0.73,0.5,3.4,3.9,2.2,0.8,0.5,1.6,1.6,18.8,
160,Dominick Barlow,22,PHI,PF,48,41,1162,4.8,8.8,0.547,0.6,2,0.288,4.2,6.8,0.626,0.581,2,2.7,0.733,3.1,4,7.2,1.7,1.4,1,1.1,3,12.2,
161,Alex Sarr,20,WAS,C,41,41,1156,8.9,17.9,0.496,1.2,3.7,0.336,7.6,14.2,0.537,0.53,2.9,4.2,0.691,3,6.9,9.9,3.6,1.1,2.6,2.2,2.6,21.9,
162,Tobias Harris,33,DET,PF,41,41,1149,6.1,13.6,0.447,1.7,5,0.344,4.4,8.6,0.507,0.51,2.9,3.3,0.867,1.2,5.5,6.7,3,1.1,0.3,1.4,2.2,16.7,
163,Grayson Allen,30,PHO,SG,38,26,1148,6.8,16.6,0.408,4,11.2,0.36,2.8,5.4,0.509,0.529,3.3,3.8,0.861,0.8,2.9,3.7,4.7,1.6,0.4,2,2.6,20.9,
164,Zaccharie Risacher,20,ATL,SF,47,45,1141,5.9,13.4,0.44,2.2,6.3,0.345,3.7,7.1,0.524,0.521,1.2,2.1,0.585,1.4,4,5.4,2,1.3,0.8,1.4,3.2,15.2,
165,Tre Jones,26,CHI,PG,43,20,1138,5.9,11,0.54,0.7,2.2,0.314,5.3,8.8,0.597,0.572,3.8,4.6,0.829,0.8,3.1,3.9,7.7,1.7,0.3,1.7,1.9,16.4,
166,Ajay Mitchell,23,OKC,SG,43,9,1129,7.1,14.5,0.487,1.5,4.4,0.35,5.5,10.2,0.545,0.539,3.6,4.2,0.87,0.9,3.8,4.8,5,1.9,0.4,2.2,3,19.3,
167,Precious Achiuwa,26,SAC,C,53,37,1123,5.9,11.3,0.517,0.6,2,0.328,5.2,9.4,0.556,0.545,1.3,2.5,0.532,3.6,6.3,9.9,2.1,1.6,1,1.3,2.9,13.7,
168,Collin Sexton,27,2TM,SG,50,14,1119,7.6,15.9,0.478,2.2,5.8,0.378,5.4,10.1,0.535,0.547,4.8,5.5,0.872,0.8,2.3,3.1,5.5,1.5,0.3,3.5,3.1,22.2,
168,Collin Sexton,27,CHO,SG,42,12,938,7.8,15.9,0.488,2.2,5.6,0.393,5.6,10.3,0.539,0.557,5.2,5.9,0.877,0.7,2.4,3.1,6,1.4,0.3,3.4,2.9,22.9,
168,Collin Sexton,27,CHI,SG,8,2,181,6.8,15.9,0.425,2.2,7,0.314,4.6,9,0.511,0.494,3,3.6,0.833,1.2,2.2,3.4,2.6,2.2,0.2,4,4.4,18.7,
169,Gary Trent Jr.,27,MIL,SG,49,17,1117,4.3,11.3,0.382,3,8.3,0.363,1.3,3.1,0.432,0.514,1,1.3,0.78,0.2,1.5,1.7,2.2,0.9,0.1,0.8,2.1,12.7,
170,Isaiah Stewart,24,DET,C,48,13,1116,5.9,10.9,0.54,1.1,3.4,0.321,4.8,7.5,0.639,0.59,2.5,3.4,0.76,2.5,5.5,8,1.8,0.4,2.6,1.8,4.6,15.5,
171,Luke Kennard,29,2TM,SG,54,1,1115,5.1,9.2,0.556,2.6,5.4,0.488,2.5,3.8,0.653,0.699,1.4,1.5,0.913,0.7,3.2,3.9,3.5,1.2,0.2,1.3,2.2,14.2,
171,Luke Kennard,29,ATL,SG,46,0,944,4.9,9.2,0.538,2.8,5.7,0.497,2.1,3.5,0.604,0.692,1.2,1.3,0.914,0.7,3.1,3.8,3.7,1.3,0.2,1.2,2,13.9,
171,Luke Kennard,29,LAL,SG,8,1,171,6.1,9.3,0.659,1.5,3.6,0.412,4.6,5.7,0.815,0.739,2.1,2.3,0.909,0.6,3.8,4.4,2.7,1.1,0,1.5,2.9,15.8,
172,Brandon Williams,26,DAL,PG,50,12,1109,7.5,15.6,0.478,0.9,3.9,0.231,6.6,11.7,0.561,0.507,5.1,6.7,0.762,0.8,3.7,4.5,6.3,1.7,0.4,3.2,2.6,20.9,
173,Tre Johnson,19,WAS,SG,45,27,1099,6.8,15.6,0.44,2.9,7.8,0.376,3.9,7.8,0.504,0.534,2.1,2.4,0.903,0.8,3.3,4,3.1,0.9,0.5,2.1,2.6,18.7,
174,Svi Mykhailiuk,28,UTA,SF,47,41,1097,5.2,10.8,0.477,2.8,7,0.399,2.4,3.8,0.621,0.606,0.8,0.9,0.923,1.1,2.7,3.8,2.9,0.8,0.1,1.2,2,13.9,
175,Ryan Kalkbrenner,24,CHO,C,48,30,1096,5.4,7.1,0.759,0,0.1,0,5.4,7,0.766,0.759,2,2.9,0.69,4.1,5.4,9.5,1.2,0.9,2.3,1.6,2.5,12.7,
176,Isaiah Joe,26,OKC,SG,51,6,1092,5.6,12.7,0.442,4.3,10.1,0.423,1.4,2.6,0.513,0.609,2.8,3.1,0.884,0.9,3.5,4.3,2.4,1.3,0.3,1.1,3,18.2,
177,Kevin Huerter,27,2TM,SF,49,11,1092,6.3,14,0.453,2.3,7.7,0.305,4,6.3,0.634,0.537,1.4,1.8,0.732,0.8,5,5.8,3.9,1.3,0.9,1.7,3,16.4,
177,Kevin Huerter,27,CHI,SF,44,11,1037,6.4,14,0.455,2.4,7.7,0.314,4,6.3,0.63,0.542,1.4,1.9,0.732,0.8,5.1,5.9,4,1.2,0.9,1.7,3,16.6,
177,Kevin Huerter,27,DET,SG,5,0,55,5.2,13.1,0.4,0.7,6.5,0.1,4.6,6.5,0.7,0.425,0,0,NA,1.3,3.3,4.6,2,2,0.7,1.3,4.6,11.1,
178,Ron Holland,20,DET,SF,53,5,1088,5.3,12.6,0.42,1.1,4.7,0.224,4.2,7.9,0.538,0.462,2.8,3.5,0.802,1.9,5.9,7.8,2.5,2.3,0.6,2.3,3.9,14.5,
179,Kentavious Caldwell-Pope,32,MEM,SG,51,14,1088,5,12.1,0.41,1.8,5.8,0.316,3.1,6.4,0.495,0.485,2.4,2.6,0.913,0.7,3.5,4.1,4.6,1.4,0.3,2,1.9,14.2,
180,Dean Wade,29,CLE,PF,48,27,1087,3.2,7.5,0.427,2,5.4,0.36,1.2,2,0.607,0.558,0.9,1.3,0.711,1.4,5.3,6.7,2.5,1.3,0.7,0.5,2.5,9.2,
181,Luke Kornet,30,SAS,C,49,22,1084,4.6,7,0.656,0,0,NA,4.6,7,0.656,0.656,2.4,3,0.811,4.8,5.9,10.8,3.1,0.8,1.9,0.7,3,11.7,
182,Jusuf Nurkić,31,UTA,C,41,36,1083,6,11.9,0.503,0.8,2.4,0.352,5.2,9.5,0.54,0.538,2.1,3.8,0.549,3.5,10.6,14.1,6.5,1.7,0.7,3.4,4.5,14.9,
183,Kevin Porter Jr.,25,MIL,PG,32,30,1081,7,14.8,0.473,1.4,4.4,0.326,5.6,10.4,0.535,0.521,4,4.6,0.87,1,4.5,5.5,8.1,2.4,0.5,3.2,2.3,19.4,
184,Josh Okogie,27,HOU,SG,55,29,1079,3.5,7.9,0.439,1.7,4.4,0.397,1.7,3.5,0.491,0.549,1.1,1.9,0.596,2.1,3.1,5.2,1.6,1.7,0.4,1.2,2.9,9.8,
185,Cameron Johnson,29,DEN,SF,35,35,1077,4.6,10.2,0.457,2.2,5.2,0.42,2.4,4.9,0.497,0.566,2.2,2.6,0.844,0.9,3.4,4.3,2.7,0.8,0.3,1,2.6,13.7,
186,Bennedict Mathurin,23,2TM,SF,34,25,1077,6.4,15,0.428,2.1,6,0.35,4.3,9,0.48,0.498,5.8,6.7,0.874,1,5.2,6.3,2.8,0.9,0.2,2.6,3.3,20.8,
186,Bennedict Mathurin,23,IND,SF,28,24,891,6.3,14.5,0.433,2.3,6.3,0.372,3.9,8.2,0.48,0.514,5.2,5.9,0.884,0.9,5.2,6.1,2.5,0.7,0.2,2.6,3.1,20.1,
186,Bennedict Mathurin,23,LAC,SF,6,1,186,7.2,17.6,0.407,1,4.6,0.208,6.2,13,0.478,0.434,8.7,10.3,0.849,1.7,5.4,7.2,3.9,1.9,0.2,2.9,4.3,24,
187,Aaron Wiggins,27,OKC,SG,45,17,1076,5.9,13.6,0.435,2.6,7.1,0.374,3.3,6.6,0.5,0.532,1.4,1.9,0.75,1,4.2,5.2,2.9,1.4,0.8,2.1,2.2,15.9,
188,Austin Reaves,27,LAL,SG,32,26,1075,8.2,16.3,0.502,2.6,7.1,0.373,5.5,9.2,0.602,0.583,7.4,8.5,0.874,0.7,4.6,5.3,5.9,1.1,0.3,3.5,2.3,26.4,
189,Patrick Williams,24,CHI,PF,55,4,1074,4.6,11.9,0.39,2.5,6.6,0.383,2.1,5.3,0.399,0.496,1.2,1.7,0.7,1.4,4,5.4,2.6,1.2,0.5,1.7,2.3,12.9,
190,Herbert Jones,27,NOP,SF,37,37,1069,4,10.5,0.386,1.7,5.6,0.297,2.4,4.9,0.486,0.465,1.3,1.6,0.813,1,3.2,4.3,3.4,2.1,0.6,1.7,4,11,
191,Ben Sheppard,24,IND,SG,49,18,1067,4.1,9.9,0.42,2.1,6,0.354,2,3.9,0.522,0.527,1.1,1.5,0.773,0.9,4.3,5.3,3,0.9,0.1,1,2.9,11.6,
192,Nicolas Batum,37,LAC,PF,55,5,1063,2.5,6.5,0.391,2.4,6.2,0.388,0.1,0.3,0.444,0.576,0.3,0.4,0.818,0.7,4.3,5,1.7,1.4,0.7,1.2,2.7,7.8,
193,Ryan Dunn,23,PHO,SF,53,14,1060,4.3,9.9,0.433,1.5,4.6,0.328,2.8,5.3,0.522,0.509,0.7,1.2,0.556,2.7,4.9,7.6,2.7,1.5,0.8,1.6,3.8,10.7,
194,Dylan Harper,19,SAS,SG,48,0,1059,7.3,15.4,0.473,1.1,4.1,0.254,6.2,11.2,0.555,0.508,2.4,3.3,0.729,1.1,4.4,5.5,6.2,1.4,0.5,2.3,3,18,
195,Malik Monk,27,SAC,SG,48,0,1059,7.2,16.7,0.433,3.3,8.1,0.408,3.9,8.6,0.456,0.532,2.4,2.8,0.864,0.4,2.8,3.2,4.2,1.1,0.6,2.3,2.7,20.1,
196,Javonte Green,32,DET,SG,57,4,1046,4.4,10,0.441,2,5.7,0.358,2.4,4.3,0.552,0.543,2.5,3.1,0.802,1.6,3.8,5.4,1.4,2.5,0.6,1.3,2.6,13.4,
197,Collin Murray-Boyles,20,TOR,PF,47,22,1046,5.2,9.3,0.557,0.6,1.7,0.354,4.6,7.7,0.601,0.589,1.6,2.5,0.653,3.9,4.1,8,3.2,1.5,1.4,1.8,4.1,12.6,
198,Jose Alvarado,27,2TM,PG,48,0,1045,4.9,11.7,0.415,2.9,8.1,0.357,2,3.6,0.543,0.538,0.8,1,0.8,0.6,4,4.6,5.3,1.8,0.2,1.9,3.3,13.4,
198,Jose Alvarado,27,NOP,PG,41,0,896,4.7,11.3,0.418,2.8,7.8,0.363,1.9,3.5,0.54,0.543,0.8,1,0.833,0.6,3.9,4.6,5.1,1.5,0.2,1.9,3.2,13,
198,Jose Alvarado,27,NYK,PG,7,0,149,5.8,14.5,0.4,3.4,10.1,0.333,2.4,4.3,0.556,0.517,1,1.4,0.667,0.5,4.1,4.6,6,3.4,0.5,1.7,3.9,15.9,
199,Day'Ron Sharpe,24,BRK,C,56,6,1043,6.5,10.7,0.605,0.2,1.2,0.206,6.2,9.6,0.653,0.616,3.4,5,0.678,5.3,7.6,12.9,4.4,2.1,0.8,3.2,4.4,16.6,
200,Will Richard,23,GSW,SG,53,16,1038,4.7,9.8,0.477,2.1,6,0.349,2.6,3.8,0.676,0.583,1.5,1.7,0.84,1.9,2.8,4.7,2.7,2.2,0.2,1.5,3.4,12.9,
201,RJ Barrett,25,TOR,SF,35,35,1032,7.8,16.8,0.468,2.1,6.1,0.341,5.8,10.6,0.541,0.53,4.1,5.8,0.707,1.1,5.5,6.6,4.3,1,0.3,2.1,3,21.9,
202,Joel Embiid,31,PHI,C,33,33,1029,10.4,21,0.495,1.5,4.6,0.318,8.9,16.4,0.545,0.53,8.5,9.9,0.858,2.3,6.4,8.7,4.5,0.7,1.2,3.4,2.4,30.7,
203,Kobe Sanders,23,LAC,SG,48,12,1017,4.3,9.8,0.44,1.7,4.6,0.369,2.6,5.2,0.503,0.527,1.5,1.8,0.804,0.8,3.5,4.3,2.9,1,0.2,2.2,3.5,11.8,
204,Justin Champagnie,24,WAS,SF,53,15,1011,5.6,11.3,0.497,1.4,4.3,0.333,4.2,7.1,0.596,0.56,2.2,2.8,0.763,4,6.7,10.6,2,1.5,1.1,1.2,2.9,14.8,
205,Quinten Post,25,GSW,PF,58,32,1002,5.9,13.5,0.435,3,8.8,0.341,2.9,4.7,0.611,0.546,1,1.3,0.8,2,6.3,8.4,2.9,0.9,1,1.6,4.1,15.8,
206,Caleb Love,24,POR,SG,45,1,999,6.8,17.5,0.39,3.4,10.5,0.321,3.5,7,0.492,0.486,1.3,1.8,0.735,0.9,3.2,4.1,4.4,1,0.1,2.2,1.7,18.3,
207,Brook Lopez,37,LAC,C,51,16,994,4.6,11.9,0.387,2.6,7.7,0.343,2,4.2,0.47,0.498,1.3,1.4,0.875,0.7,4.7,5.4,1.9,1.1,2,1.5,3.4,13.1,
208,Bilal Coulibaly,21,WAS,SG,38,38,992,4.7,11.5,0.406,1.2,4.5,0.272,3.4,7,0.492,0.459,3.3,4.3,0.756,1.2,4.8,6,3.5,2,1.4,2,3.4,13.9,
209,Aaron Nesmith,26,IND,SF,33,30,991,5.2,13.5,0.386,2.8,7.5,0.367,2.5,6,0.41,0.488,2.7,3.2,0.82,1.5,4.1,5.6,2.5,0.8,0.7,1.7,3.2,15.9,
210,Miles McBride,25,NYK,SG,35,14,981,5.8,13.3,0.434,3.7,8.9,0.42,2,4.4,0.462,0.575,1.3,1.6,0.814,0.8,2.5,3.3,3.6,1.1,0.2,1,2.3,16.6,
211,Dru Smith,28,MIA,SG,58,1,979,4.2,10.4,0.404,1.3,4.3,0.299,2.9,6.1,0.479,0.466,2.9,3.5,0.84,1.9,3.6,5.5,5.7,3.1,0.7,1.8,3.2,12.6,
212,Khris Middleton,34,2TM,SF,40,38,975,5.9,13.2,0.444,1.5,4.4,0.342,4.4,8.8,0.496,0.501,2.9,3.4,0.859,1.5,4.5,6,4.7,1.1,0.3,2.5,3.6,16.2,
212,Khris Middleton,34,WAS,SF,34,34,827,5.7,13.1,0.433,1.4,4.3,0.333,4.2,8.7,0.483,0.488,2.5,3,0.841,1.3,4.5,5.8,4.8,1.1,0.4,2.5,3.7,15.3,
212,Khris Middleton,34,DAL,SF,6,4,148,7.1,14.1,0.5,1.9,5.1,0.381,5.1,9,0.568,0.569,5.1,5.6,0.913,2.4,4.6,7.1,4.1,1,0,2.7,2.7,21.2,
213,Jordan Clarkson,33,NYK,SG,52,1,964,6.5,15,0.431,2.3,6.9,0.333,4.1,8,0.516,0.509,2.1,2.7,0.792,1.5,1.8,3.3,2.5,0.8,0.3,2,3.4,17.4,
214,Kris Murray,25,POR,SF,38,13,962,3.5,7.6,0.458,0.8,3.3,0.253,2.7,4.3,0.612,0.512,1.2,1.7,0.711,2.5,3.1,5.6,1.8,1.6,0.6,1.2,2.6,9,
215,Keon Ellis,26,2TM,SG,52,5,952,4,9.6,0.417,2.4,6.7,0.364,1.6,2.9,0.538,0.543,0.8,1.3,0.618,0.7,2.3,3,1.6,2.3,1.2,1.1,3.2,11.2,
215,Keon Ellis,26,SAC,SG,43,5,758,3.9,9.9,0.397,2.5,6.8,0.368,1.4,3.1,0.462,0.524,0.9,1.5,0.625,0.7,1.9,2.6,1.2,2.2,1,1,3.3,11.4,
215,Keon Ellis,26,CLE,SG,9,0,194,4.3,8.4,0.511,2,5.9,0.344,2.2,2.4,0.923,0.633,0.2,0.4,0.5,0.7,3.9,4.6,3.2,2.6,1.7,1.5,2.8,10.8,
216,Simone Fontecchio,30,MIA,SF,56,5,946,5.7,14.7,0.392,3.7,10.2,0.357,2.1,4.4,0.474,0.517,2.7,3.2,0.833,1.7,5,6.7,3.2,1.1,0.3,1.6,3.2,17.8,
217,Tari Eason,24,HOU,PF,36,22,941,6,13.6,0.445,2.8,6.5,0.432,3.3,7.1,0.457,0.548,1,1.5,0.684,2.6,6,8.6,2.2,1.8,0.8,2.2,3.1,15.9,
218,Jalen Smith,25,CHI,C,46,15,935,6.6,13.5,0.49,2.8,7.2,0.385,3.9,6.3,0.61,0.593,2.2,3,0.731,3.2,9.1,12.3,2.3,0.9,1.4,1.7,3.5,18.2,
219,Mouhamed Gueye,23,ATL,PF,58,5,931,4,9.1,0.443,1.1,3.9,0.28,2.9,5.2,0.563,0.502,1.3,2.1,0.618,2.8,5.5,8.3,2.1,1.9,1.2,1.1,4,10.4,
220,Walter Clayton,22,2TM,PG,50,1,929,4.6,11.7,0.392,1.9,6.4,0.295,2.7,5.2,0.511,0.473,2.4,2.6,0.925,0.6,3.3,3.9,6.5,1.1,0.5,2.6,3.5,13.4,
220,Walter Clayton,22,UTA,PG,45,0,811,4.5,11.4,0.398,2,6.3,0.308,2.6,5,0.513,0.484,2.6,2.8,0.935,0.7,3.2,3.9,6.3,1.1,0.5,2.5,3.5,13.6,
220,Walter Clayton,22,MEM,PG,5,1,118,4.9,13.7,0.356,1.5,7,0.217,3.4,6.7,0.5,0.411,1.2,1.5,0.8,0,3.7,3.7,7.9,1.5,0,3.1,4,12.5,
221,Jordan Walsh,21,BOS,PF,52,20,924,4.2,8.1,0.522,1.3,3.5,0.382,2.9,4.6,0.627,0.604,1.4,1.8,0.761,2.8,5.7,8.5,1.6,1.6,0.9,1.1,4.4,11.1,
222,Ja'Kobe Walter,21,TOR,SG,49,11,922,4.3,10.1,0.43,2.3,6.4,0.364,2,3.6,0.548,0.547,1.7,2,0.827,1.4,3.2,4.6,2,1.8,0.3,1.1,3.9,12.7,
223,Craig Porter Jr.,25,CLE,PG,52,2,917,3.8,8.2,0.457,1.1,2.9,0.37,2.7,5.4,0.504,0.521,0.7,1.3,0.559,2.7,4.1,6.8,6.5,2,1.2,1.8,2.3,9.3,
224,Gradey Dick,22,TOR,SG,58,1,916,5,11.9,0.414,1.9,6.1,0.308,3.1,5.8,0.527,0.493,2.5,2.9,0.877,1.5,3.6,5.1,1.5,1.5,0.2,1.4,3.3,14.3,
225,Sam Merrill,29,CLE,SG,36,24,915,6.1,12.7,0.481,4.7,10.3,0.46,1.4,2.5,0.571,0.667,1.4,1.7,0.837,0.9,2.4,3.3,3.1,0.7,0.2,1.3,3.5,18.4,
226,Jalen Suggs,24,ORL,PG,35,34,913,6.6,15.1,0.438,2.6,8.1,0.327,4,7.1,0.564,0.525,2.9,3.4,0.839,0.9,4.4,5.4,7.3,2.7,1.1,3.5,3.7,18.8,
227,Ziaire Williams,24,BRK,SF,40,5,908,4.8,11.9,0.405,2.5,8,0.312,2.3,3.9,0.596,0.51,2.7,3.1,0.859,0.9,3.2,4.1,1.3,1.9,0.8,1.6,3.1,14.8,
228,Yves Missi,21,NOP,C,47,7,907,4.5,8.3,0.538,0,0,0,4.5,8.3,0.541,0.538,1.5,2.6,0.569,5.4,5.1,10.5,2.3,0.6,2.5,1.4,3.2,10.4,
229,Jarred Vanderbilt,26,LAL,PF,49,3,906,3.6,7.6,0.471,1,3.2,0.313,2.6,4.4,0.586,0.537,1.2,1.9,0.638,2.7,6.6,9.3,2.5,1.8,0.7,1.9,3.5,9.3,
230,Cody Williams,21,UTA,SG,45,19,903,4.4,9.5,0.466,0.6,2.9,0.219,3.8,6.6,0.576,0.5,0.9,1.6,0.59,1.6,2.8,4.3,1.7,1.1,0.8,1.2,3.1,10.4,
231,Marvin Bagley III,26,2TM,PF,45,9,898,7.7,12.3,0.623,0.4,0.9,0.435,7.3,11.4,0.639,0.64,3.3,4.9,0.672,4.8,6.3,11.1,2.5,0.9,1.4,2,3.7,19.1,
231,Marvin Bagley III,26,WAS,PF,38,8,731,7.6,12.1,0.626,0.4,0.9,0.421,7.2,11.2,0.643,0.642,3.4,4.8,0.711,4.8,5.9,10.6,2.8,1,1.3,2.2,3.8,19,
231,Marvin Bagley III,26,DAL,PF,7,1,167,8.2,13.4,0.613,0.4,0.9,0.5,7.8,12.5,0.621,0.629,2.8,5.4,0.52,5,8.4,13.4,1.3,0.6,1.5,1.5,3,19.6,
232,Drake Powell,20,BRK,SG,47,9,894,3.9,9.2,0.424,1.3,4.7,0.282,2.6,4.5,0.571,0.496,2.1,2.4,0.898,0.6,2.6,3.2,2.8,1,0.3,1.9,2.6,11.3,
233,Danny Wolf,21,BRK,PF,44,8,891,5.4,13.5,0.402,2.1,6.4,0.321,3.4,7,0.477,0.479,2,2.7,0.746,1.9,6.4,8.3,3.8,1,1,2.1,3.6,14.9,
234,Franz Wagner,24,ORL,SF,28,26,891,8.3,17.3,0.479,1.7,4.6,0.365,6.6,12.6,0.521,0.528,5.8,7,0.828,1.7,4.8,6.5,4.1,1.2,0.4,1.9,2.5,24.1,
235,Jrue Holiday,35,POR,PG,31,29,883,7.3,16.3,0.449,2.9,7.9,0.361,4.4,8.4,0.532,0.536,2.2,2.7,0.815,2,3.8,5.7,8,1.5,0.1,3.5,2.1,19.6,
236,Jaylin Williams,23,OKC,PF,45,9,879,4,10,0.399,2.4,7.1,0.339,1.6,2.8,0.551,0.521,2.3,2.9,0.786,0.9,8.4,9.3,4.6,1.1,1.2,2,3.6,12.6,
237,Daniel Gafford,27,DAL,C,41,31,876,5.2,8.4,0.623,0,0,NA,5.2,8.4,0.623,0.623,3.1,4.2,0.752,3.6,7.2,10.8,1.6,1.4,2.2,2.1,4.6,13.6,
238,Giannis Antetokounmpo,31,MIL,PF,30,30,876,12.9,20,0.645,0.6,1.6,0.395,12.3,18.5,0.666,0.66,8.1,12.2,0.658,3.5,8.9,12.4,6.9,1.1,0.9,4.1,3.2,34.5,AS
239,Coby White,25,2TM,SG,31,26,875,7.3,16.9,0.434,3,8.9,0.343,4.3,8,0.536,0.524,5.2,6.5,0.799,0.3,4.3,4.6,6,0.9,0.1,3.7,3,22.9,
239,Coby White,25,CHI,SG,29,26,843,7.3,16.8,0.438,3.1,8.9,0.346,4.3,7.9,0.541,0.529,5.3,6.6,0.805,0.3,4.3,4.6,5.8,0.9,0.1,3.8,3,23.1,
239,Coby White,25,CHO,SG,2,0,32,6.8,19.1,0.353,2.3,9,0.25,4.5,10.1,0.444,0.412,3.4,5.6,0.6,1.1,3.4,4.5,11.3,2.3,0,3.4,2.3,19.1,
240,Andre Drummond,32,PHI,C,44,22,868,4.9,9.8,0.5,0.8,2.3,0.364,4.1,7.5,0.541,0.542,1.8,2.9,0.623,6.2,9.6,15.8,1.7,1,1.6,1.8,3.6,12.4,
241,Tyus Jones,29,2TM,PG,55,10,865,2.7,7.7,0.351,1.3,4.8,0.278,1.4,2.9,0.471,0.438,0.3,0.3,0.875,0.4,2.2,2.6,5.9,1.5,0.1,0.8,1.2,7,
241,Tyus Jones,29,ORL,PG,48,8,754,2.6,7.5,0.342,1.4,4.9,0.294,1.1,2.7,0.429,0.437,0.3,0.3,1,0.4,2.1,2.5,5.5,1.6,0.1,0.7,1.2,6.9,
241,Tyus Jones,29,DAL,PG,7,2,111,3.6,8.8,0.407,0.6,4.2,0.154,2.9,4.5,0.643,0.444,0.3,0.6,0.5,0.3,2.6,2.9,8.4,1,0,1.6,1.6,8.1,
242,Will Riley,19,WAS,SF,50,3,858,5.7,13.3,0.426,1.7,5.2,0.323,4,8.1,0.492,0.489,2.7,3.4,0.78,1.8,3.3,5.1,3.2,1.3,0.2,1.9,1.8,15.7,
243,Isaiah Hartenstein,27,OKC,C,33,32,848,6.3,9.8,0.645,0,0.2,0,6.3,9.6,0.659,0.645,2.3,3.7,0.628,4.7,8.7,13.3,4.9,1.4,1,2.8,3.8,14.9,
244,Jaxson Hayes,25,LAL,C,48,7,834,5.9,7.6,0.768,0.1,0.1,1,5.8,7.6,0.766,0.774,2.2,3.5,0.65,3,5.1,8.1,1.9,0.8,1.3,1,4.1,14.1,
245,Mike Conley,38,MIN,PG,46,9,831,2.4,7.7,0.316,1.8,5.8,0.313,0.6,1.9,0.326,0.435,1.8,2,0.891,0.6,2.8,3.5,5.6,1.1,0.5,1.2,2.8,8.4,
246,Adem Bona,22,PHI,C,50,4,826,3.6,5.9,0.607,0.1,0.2,0.4,3.5,5.7,0.615,0.615,2.3,3.4,0.688,3.9,5.1,9,0.7,0.8,2.8,1.7,5,9.5,
247,Paul George,35,PHI,PF,27,27,824,6.6,15.5,0.424,2.9,7.6,0.382,3.7,7.9,0.464,0.517,2.8,3.3,0.855,0.6,5.5,6.1,4.4,1.7,0.6,1.9,2.6,18.8,
248,Mitchell Robinson,27,NYK,C,42,14,822,4.1,5.9,0.694,0,0,NA,4.1,5.9,0.694,0.694,1.4,3.5,0.407,8.4,7.9,16.3,1.7,1.4,2.1,1.1,4.3,9.6,
249,Vince Williams Jr.,25,2TM,PG,40,12,820,4.5,12.8,0.353,2.4,7.8,0.311,2.1,5,0.417,0.447,1.7,2.2,0.78,1.7,5.1,6.8,7.3,1.3,0.7,3.1,3.5,13.2,
249,Vince Williams Jr.,25,MEM,PG,34,12,736,4.5,12.9,0.352,2.4,7.8,0.308,2.2,5.1,0.419,0.445,1.8,2.3,0.804,1.7,5,6.7,7.3,1.3,0.7,3.1,3.5,13.3,
249,Vince Williams Jr.,25,UTA,SG,6,0,84,4.3,12,0.357,2.6,7.7,0.333,1.7,4.3,0.4,0.464,0.9,1.7,0.5,2.1,6,8.1,6.9,0.9,0.9,3,3.9,12,
250,Corey Kispert,26,2TM,SF,40,8,817,6,12.8,0.472,2.9,7.6,0.378,3.2,5.2,0.61,0.584,2.7,3.2,0.836,0.8,3.7,4.5,3,0.6,0.3,1.5,1.8,17.6,
250,Corey Kispert,26,WAS,SF,19,2,370,5.7,11.6,0.496,2.9,7.4,0.395,2.8,4.2,0.674,0.622,2.5,3.3,0.765,0.6,3.7,4.3,3.1,0.8,0.3,1.4,1.9,16.9,
250,Corey Kispert,26,ATL,SF,21,6,447,6.3,13.8,0.456,2.8,7.7,0.365,3.5,6,0.573,0.558,2.8,3.1,0.897,1,3.6,4.6,2.8,0.5,0.2,1.7,1.6,18.2,
251,Daniss Jenkins,24,DET,PG,48,7,816,6,14.3,0.418,1.9,5.2,0.37,4.1,9.1,0.447,0.486,2.7,3.4,0.792,1.3,2.7,4,6.4,1.8,0.3,2.7,3.1,16.6,
252,Baylor Scheierman,25,BOS,SG,53,12,815,3.5,8,0.436,2.2,5.8,0.371,1.3,2.2,0.612,0.572,0.5,0.6,0.857,1.3,5.7,7,2.4,1.3,0.2,1.1,3.2,9.7,
253,Nolan Traoré,19,BRK,PG,36,13,799,4.7,12.2,0.389,1.5,4.7,0.327,3.2,7.5,0.428,0.452,2,2.6,0.772,0.5,2.1,2.6,5.9,1,0.6,3,3.3,13,
254,Hugo González,19,BOS,SF,53,2,795,3.8,8,0.472,1.2,3.8,0.325,2.5,4.2,0.602,0.548,0.5,1,0.476,2,6,8,1.4,1.4,0.5,1.4,4.2,9.2,
255,Keegan Murray,25,SAC,PF,23,22,793,5.7,13.6,0.42,1.4,5.1,0.277,4.3,8.5,0.505,0.472,1.7,2.2,0.776,1.5,4.5,6,1.7,1.1,1.6,1.2,1.9,14.6,
256,Jordan Poole,26,NOP,PG,32,6,792,6.3,17,0.372,3.7,10.9,0.338,2.6,6.1,0.433,0.48,4,4.5,0.88,0.4,2.6,3,4.5,0.9,0.5,2.5,3.4,20.3,
257,Darius Garland,26,CLE,PG,26,26,792,7.7,17.1,0.451,2.7,7.5,0.36,5,9.7,0.521,0.529,3.1,3.6,0.861,0.5,2.3,2.9,8.2,1,0.1,3.3,2.2,21.2,
258,Nikola Jović,22,MIA,PF,45,1,791,5.1,13.9,0.37,2,7.4,0.272,3.1,6.5,0.483,0.443,3.1,4.6,0.683,1.1,5.8,6.9,4.6,1.2,0.8,3,2.9,15.4,
259,Nae'Qwan Tomlin,25,CLE,PF,48,2,784,5.4,11.4,0.474,0.9,4.2,0.217,4.5,7.2,0.624,0.514,1.8,2.4,0.755,3,3.6,6.6,1.9,1.6,1.3,0.9,4.5,13.6,
260,Caris LeVert,31,DET,SG,40,0,783,5.1,11.8,0.432,2,5.7,0.355,3.1,6.1,0.504,0.518,1.9,2.8,0.689,0.6,2.5,3.1,5,1.6,1.3,2.5,2.8,14.2,
261,Al Horford,39,GSW,C,37,7,783,5.1,11.7,0.431,2.7,7.5,0.354,2.4,4.2,0.571,0.545,0.8,0.9,0.895,1.7,6.8,8.4,4.3,1.3,1.8,1.7,2,13.6,
262,Buddy Hield,33,2TM,SG,45,3,773,6.1,14,0.432,3.1,9.1,0.342,2.9,4.9,0.6,0.543,1.3,1.6,0.794,1.2,3.8,5,3.1,1.7,0.4,2,2.6,16.5,
262,Buddy Hield,33,GSW,SG,44,3,768,6.1,14.1,0.433,3.1,9.1,0.344,3,4.9,0.6,0.545,1.3,1.6,0.794,1.2,3.8,5.1,3.1,1.7,0.4,2,2.6,16.6,
262,Buddy Hield,33,ATL,SG,1,0,5,0,7.2,0,0,7.2,0,0,0,NA,0,0,0,NA,0,0,0,0,0,0,7.2,0,0,
263,Jared McCain,21,2TM,SG,45,1,772,5.6,14,0.4,2.8,7.1,0.392,2.8,6.9,0.408,0.5,1.8,2,0.884,0.7,4,4.7,3.2,1.3,0.1,1.8,2.5,15.8,
263,Jared McCain,21,PHI,SG,37,1,620,5.2,13.4,0.385,2.6,6.9,0.378,2.6,6.5,0.393,0.483,1.3,1.5,0.88,0.3,4,4.4,3.6,1.3,0.1,1.7,2.5,14.2,
263,Jared McCain,21,OKC,SG,8,0,152,7.3,16.3,0.449,3.6,8.1,0.441,3.8,8.3,0.457,0.558,3.8,4.3,0.889,2.1,4,6.2,1.7,1.2,0,2.1,2.4,22,
264,Gui Santos,23,GSW,PF,48,13,770,5.6,10.5,0.531,2.2,5.5,0.39,3.4,5,0.689,0.634,1.6,2.3,0.68,2.1,5.1,7.2,3.8,1.7,0.8,2.4,3.9,14.9,
265,Luka Garza,27,BOS,C,49,4,763,6.1,10.6,0.576,1.6,3.6,0.442,4.5,6.9,0.646,0.652,3,3.9,0.759,5.2,3.9,9.2,2.2,0.9,1,1.2,5.2,16.7,
266,Landry Shamet,28,NYK,SG,34,9,756,5.2,11.5,0.45,3.5,8.4,0.418,1.7,3.1,0.538,0.603,2,2.8,0.712,0.8,2.2,3,2.4,0.8,0.3,0.9,2.4,15.9,
267,Jalen Williams,24,OKC,SG,26,26,755,8.3,17.4,0.479,1,3.1,0.313,7.4,14.4,0.515,0.507,4.1,4.9,0.833,0.8,5,5.8,6.7,1.6,0.4,2.4,2.6,21.7,
268,Ochai Agbaji,25,2TM,SG,48,13,753,4,9.5,0.417,1,4,0.25,3,5.5,0.539,0.47,1.2,1.5,0.839,1.8,3.5,5.3,1.9,0.9,0.7,1.1,3.8,10.2,
268,Ochai Agbaji,25,TOR,SG,42,13,650,4,9.4,0.424,0.7,3.6,0.185,3.3,5.8,0.571,0.459,1.4,1.6,0.862,1.8,3.4,5.3,1.7,0.9,0.6,1.1,4.2,10,
268,Ochai Agbaji,25,BRK,SG,6,0,103,3.8,10.1,0.379,3.1,6.6,0.474,0.7,3.5,0.2,0.534,0.3,0.7,0.5,1.4,4.2,5.6,3.1,0.3,1,1,1.4,11.2,
269,Bones Hyland,25,MIN,PG,51,3,752,6.1,13.5,0.454,3.2,8.3,0.379,3,5.2,0.574,0.571,1.5,2.2,0.711,0.9,3.4,4.3,6.4,1.4,0.5,2,4.1,16.9,
270,Bryce McGowens,23,NOP,SG,36,12,742,4.8,9.8,0.485,1.6,3.8,0.423,3.2,6,0.524,0.567,3,4,0.744,0.5,3,3.5,2.5,1.1,0.3,0.7,3.5,14.1,
271,Jordan Miller,26,LAC,SF,37,0,737,5.7,11,0.516,1.2,3.6,0.342,4.4,7.4,0.599,0.571,3.9,4.8,0.798,1.6,3.9,5.5,3.1,1.2,0.3,2.1,1.9,16.4,
272,Gary Payton II,33,GSW,SG,54,1,731,6.8,12.7,0.539,1.4,4.5,0.319,5.4,8.2,0.659,0.595,0.4,0.7,0.571,3.2,5.2,8.4,4.2,1.8,0.8,2.5,4.3,15.5,
273,Steven Adams,32,HOU,C,32,11,730,3.5,6.9,0.504,0,0,NA,3.5,6.9,0.504,0.504,2.3,4,0.58,7.2,6.5,13.6,2.4,1.1,1,1.7,2.7,9.2,
274,Lonzo Ball,28,CLE,PG,35,3,728,2.6,8.7,0.301,2,7.3,0.272,0.6,1.4,0.448,0.415,0.7,1,0.667,1.3,5.6,6.9,6.7,2.2,0.4,2.6,2.3,7.9,
275,T.J. McConnell,33,IND,PG,43,1,727,9.4,17.5,0.534,0.6,2,0.317,8.7,15.5,0.562,0.552,0.8,1,0.85,0.8,3.8,4.7,10.1,2.3,0.4,2.7,2.5,20.2,
276,GG Jackson II,21,MEM,PF,37,11,721,7.1,14.1,0.504,2.1,6,0.347,5,8,0.621,0.578,2.9,4.1,0.707,1.2,6.1,7.3,2.4,1.2,1.3,2.2,2.8,19.2,
277,Caleb Martin,30,DAL,SF,50,11,720,3.5,7.7,0.452,0.8,2.1,0.372,2.7,5.6,0.482,0.503,1.3,2,0.634,1.1,5.1,6.2,3.9,1.9,0.5,1.6,3.6,9.1,
278,Jaylen Clark,24,MIN,SG,54,0,719,3.7,8.7,0.425,1.1,3.7,0.288,2.7,5.1,0.525,0.486,1.9,3,0.627,2.4,2.7,5.1,1.6,2,0.4,1,3.7,10.3,
279,Cam Thomas,24,2TM,SG,31,8,718,8.1,19.5,0.418,2.3,7.2,0.319,5.8,12.2,0.475,0.477,5.5,6.5,0.846,0.6,2.4,3,4.3,0.2,0.1,3,1.8,24.1,
279,Cam Thomas,24,BRK,SG,24,8,582,7.6,19.1,0.399,2.4,7.2,0.325,5.3,11.8,0.445,0.461,5.6,6.7,0.843,0.6,2.1,2.7,4.6,0.2,0.1,3,1.9,23.2,
279,Cam Thomas,24,MIL,SG,7,0,136,10.3,21.2,0.488,2.1,7.1,0.296,8.2,14,0.585,0.538,5,5.8,0.864,0.5,3.7,4.2,2.9,0,0,2.9,1.1,27.8,
280,Jericho Sims,27,MIL,C,43,8,714,3.9,4.7,0.828,0,0,NA,3.9,4.7,0.828,0.828,0.8,1.3,0.64,3.3,6.8,10.1,2.1,0.4,0.6,2.3,4.2,8.6,
281,Ryan Nembhard,22,DAL,PG,38,17,713,5.3,12.4,0.429,1.7,4.4,0.379,3.6,8,0.456,0.496,0.5,0.7,0.769,0.4,3,3.4,9.4,0.5,0.1,2.8,2.6,12.8,
282,Alex Caruso,31,OKC,SG,39,0,712,4.6,10.7,0.431,2.1,6.5,0.32,2.5,4.2,0.602,0.528,1.4,1.7,0.794,1,4,5.1,4.1,2.7,0.7,1.7,2.3,12.6,
283,Pat Spencer,29,GSW,PG,43,11,710,5.3,12.6,0.423,1.8,4.6,0.385,3.5,8,0.446,0.494,1.3,1.7,0.765,1.6,3.2,4.9,7.5,1.6,0.2,2.6,2.6,13.7,
284,Tyrese Martin,26,2TM,SG,39,6,702,5.2,13.2,0.393,2.6,7.8,0.333,2.6,5.3,0.481,0.492,1,1.3,0.731,1.6,3.8,5.4,3.6,1.1,0.2,1.7,1.6,13.9,
284,Tyrese Martin,26,BRK,SG,37,6,696,5.2,13.2,0.392,2.6,7.9,0.336,2.5,5.3,0.476,0.492,1,1.3,0.731,1.7,3.8,5.5,3.6,1.1,0.2,1.7,1.6,14,
284,Tyrese Martin,26,PHI,SG,2,0,6,6,12,0.5,0,6,0,6,6,1,0.5,0,0,NA,0,0,0,6,0,0,0,6,12,
285,Christian Braun,24,DEN,SG,23,23,700,4.5,9.2,0.494,0.8,2.9,0.281,3.7,6.2,0.595,0.539,2,2.6,0.765,1.9,3.5,5.3,3.4,0.8,0.4,1.4,2.8,11.9,
286,Micah Peavy,24,NOP,SG,46,1,693,4.4,11.4,0.382,1.1,4.6,0.239,3.3,6.9,0.477,0.43,0.6,0.8,0.733,2,2.8,4.8,2.4,1.6,0.3,0.7,3.7,10.4,
287,Jalen Pickett,26,DEN,SG,39,18,688,4.2,10.2,0.415,2.1,5.6,0.374,2.1,4.6,0.466,0.518,0.5,0.6,0.909,0.9,4.4,5.3,5.2,0.7,0.2,1.5,2,11.1,
288,De'Anthony Melton,27,GSW,PG,31,7,688,7.3,17.1,0.425,2.4,8.2,0.293,4.9,8.9,0.547,0.495,3.6,4.4,0.812,0.8,3.8,4.7,3.8,2.6,0.6,2.8,3.7,20.6,
289,Derrick Jones Jr.,28,LAC,SF,26,21,682,5.4,10.3,0.526,1.7,4.6,0.368,3.7,5.8,0.651,0.607,2.1,2.8,0.755,1.2,2.5,3.7,1.8,1.2,1.5,1.1,2.7,14.7,
290,Goga Bitadze,26,ORL,C,43,1,681,5.6,8,0.691,0.1,0.5,0.2,5.4,7.5,0.725,0.697,2,2.7,0.731,4.7,6.7,11.4,2.6,1.6,2.6,1.2,4.8,13.2,
291,Taylor Hendricks,22,2TM,PF,41,8,681,4.6,10.4,0.442,1.7,5.2,0.333,2.9,5.2,0.551,0.525,1.6,2.6,0.633,2.1,5.1,7.2,1.9,1.2,0.6,1.6,2.9,12.6,
291,Taylor Hendricks,22,UTA,PF,33,6,492,4.2,9.4,0.453,1.8,5.1,0.343,2.5,4.2,0.586,0.547,1.7,2.3,0.719,2.1,5.1,7.2,1.8,1,0.6,1.5,2.9,11.9,
291,Taylor Hendricks,22,MEM,PF,8,2,189,5.5,13.1,0.42,1.7,5.5,0.31,3.8,7.6,0.5,0.486,1.5,3.2,0.471,2.1,5.1,7.2,2.3,1.9,0.6,1.9,2.7,14.3,
292,Jonas Valančiūnas,33,DEN,C,47,4,675,9.1,15.8,0.572,0.3,1,0.316,8.7,14.8,0.59,0.582,4,5.2,0.765,4.1,9,13.1,3.2,0.6,1.5,2.9,5.5,22.5,
293,Robert Williams,28,POR,C,41,1,670,6.3,8.5,0.742,0.4,1,0.389,6,7.6,0.787,0.764,1.2,1.7,0.688,4.6,9.8,14.4,2.4,1.4,3.3,1.7,2.6,14.2,
294,Jaden Ivey,23,2TM,SG,37,5,670,6.1,13.8,0.445,2.7,7.2,0.373,3.4,6.6,0.525,0.543,2,2.5,0.809,1.3,3.6,4.9,3.7,1.2,0.8,2.2,2.8,17,
294,Jaden Ivey,23,DET,SG,33,2,555,6.4,14.3,0.45,2.7,7.3,0.372,3.7,6.9,0.533,0.545,1.9,2.5,0.789,1.2,3.4,4.7,3.4,1,0.8,2.3,2.9,17.5,
294,Jaden Ivey,23,CHI,SG,4,3,115,4.7,11.3,0.417,2.5,6.6,0.381,2.2,4.7,0.467,0.528,2.5,2.8,0.889,1.6,4.4,5.9,5,2.5,0.6,1.9,2.8,14.4,
295,Kenrich Williams,31,OKC,PF,40,2,651,5.9,11.7,0.505,2.2,5.4,0.412,3.7,6.4,0.583,0.599,1.4,2.1,0.658,2.3,5.2,7.5,3.2,1.3,0.3,1.8,2.5,15.4,
296,Isaiah Jackson,24,2TM,C,40,14,647,5.5,9.3,0.587,0,0.1,0,5.5,9.2,0.59,0.587,2.9,4.3,0.675,4.8,7,11.8,1.7,1.5,1.6,2.4,6.2,13.8,
296,Isaiah Jackson,24,IND,C,38,14,638,5.4,9.3,0.582,0,0.1,0,5.4,9.3,0.585,0.582,2.9,4.2,0.689,4.9,7.1,11.9,1.7,1.5,1.6,2.4,6.1,13.7,
296,Isaiah Jackson,24,LAC,C,2,0,9,8,8,1,0,0,NA,8,8,1,1,4,12,0.333,0,4,4,0,4,0,0,12,20,
297,Johnny Furphy,21,IND,SG,35,21,643,3.9,8.3,0.47,1.3,4,0.324,2.6,4.4,0.603,0.547,1,2,0.486,1.8,6.8,8.6,2.3,1.1,0.4,1.6,3.6,10.1,
298,Karlo Matković,24,NOP,PF,47,2,642,5.7,9.1,0.626,1.6,3.4,0.459,4.1,5.7,0.725,0.712,0.9,1.3,0.667,2.5,6.4,8.9,2,0.9,2.3,1.4,4.3,13.9,
299,Aaron Gordon,30,DEN,PF,23,20,642,7.8,15.3,0.509,2.4,5.9,0.4,5.4,9.4,0.577,0.586,4.8,6.1,0.789,1.7,6.3,8,3.3,0.9,0.2,1.3,2.1,22.8,
300,Tyler Kolek,24,NYK,PG,49,1,639,5.4,12.6,0.426,2,5.6,0.36,3.3,6.9,0.48,0.507,0.7,1,0.667,0.8,4.2,5,8.1,1.1,0.2,2.9,3.4,13.4,
301,Rayan Rupert,21,2TM,SG,50,0,627,3.5,9.4,0.374,1.3,4.4,0.299,2.2,4.9,0.442,0.445,0.6,0.9,0.625,1.6,4.1,5.6,2.1,1.9,0.1,1.7,3.8,8.9,
301,Rayan Rupert,21,POR,SG,48,0,577,3.3,9.2,0.361,1.4,4.4,0.31,1.9,4.7,0.408,0.435,0.6,0.9,0.643,1.4,3.9,5.4,2.1,1.8,0.1,1.7,3.7,8.5,
301,Rayan Rupert,21,MEM,SG,2,0,50,5.8,11.5,0.5,0.7,4.3,0.167,5,7.2,0.7,0.531,0.7,1.4,0.5,2.9,5.8,8.6,1.4,2.9,0,0.7,4.3,13,
302,Gabe Vincent,29,2TM,PG,33,7,627,3,8.7,0.342,2.4,6.9,0.347,0.6,1.8,0.323,0.48,0.6,0.7,0.917,0.5,1.3,1.8,2.8,1,0.1,0.7,3.4,9,
302,Gabe Vincent,29,LAL,PG,29,7,559,2.9,8.4,0.346,2.4,6.6,0.369,0.5,1.7,0.259,0.492,0.6,0.7,0.909,0.5,1.3,1.7,2.4,0.9,0.1,0.8,3.4,8.9,
302,Gabe Vincent,29,ATL,PG,4,0,68,3.7,11.6,0.318,2.1,9.5,0.222,1.6,2.1,0.75,0.409,0.5,0.5,1,1.1,1.1,2.1,6.4,2.1,0.5,0.5,3.2,10.1,
303,Anthony Davis,32,DAL,PF,20,20,626,9.7,19.2,0.506,0.6,2.1,0.27,9.1,17.1,0.535,0.521,3.4,4.7,0.728,3.6,9.1,12.7,3.2,1.3,1.9,2.4,2.4,23.4,
304,Jakob Poeltl,30,TOR,C,25,23,621,5.9,8.7,0.673,0,0,NA,5.9,8.7,0.673,0.673,2,3.1,0.63,3.8,6.8,10.6,2.9,1.1,0.8,2.1,4.3,13.7,
305,Clint Capela,31,HOU,C,52,1,616,4.6,9,0.513,0,0,NA,4.6,9,0.513,0.513,1.6,2.6,0.614,6.3,7.2,13.5,1.8,1.5,2.5,1.3,2.5,10.8,
306,Dylan Cardwell,24,SAC,C,29,1,616,3.9,6.5,0.598,0,0.1,0,3.9,6.5,0.604,0.598,1.3,2.3,0.55,5.3,7.7,13,2.1,1.3,2.7,1.4,6.3,9.1,
307,Tre Mann,24,CHO,PG,39,1,613,5.9,16.2,0.364,2.8,8.4,0.329,3.1,7.8,0.402,0.449,1.2,1.5,0.84,1.2,4.1,5.2,4.8,1.2,0.3,2.8,3.7,15.7,
308,Justin Edwards,22,PHI,SF,44,5,608,4.3,10.5,0.404,2.3,6.7,0.336,2,3.8,0.523,0.511,1.2,1.4,0.913,1.1,2.7,3.7,2.7,1.7,0.5,1.4,3.8,12,
309,Jabari Walker,23,PHI,PF,50,6,596,3.7,9.4,0.4,1.2,4.2,0.286,2.5,5.1,0.494,0.465,2.1,2.8,0.723,3.3,5.7,9,1.4,1.1,0.7,1.1,5,10.8,
310,Josh Green,25,CHO,SG,36,0,594,3.6,7.6,0.48,2.4,5.5,0.44,1.2,2.1,0.588,0.64,1.2,1.3,0.905,1.9,2.4,4.4,2.1,1.4,0.2,1.3,2.4,10.8,
311,John Konchar,29,2TM,SG,37,3,594,2.9,6.2,0.471,0.8,3.3,0.255,2.1,2.8,0.723,0.539,0.6,1,0.625,2.1,5.3,7.4,3.3,2.9,1.2,1.2,2.4,7.3,
311,John Konchar,29,MEM,SG,30,1,435,3.1,5.9,0.521,1.1,3.2,0.333,2,2.6,0.75,0.613,0.7,1.1,0.615,1.7,6,7.6,3.3,2.6,1.1,1.2,2.5,7.9,
311,John Konchar,29,UTA,SG,7,2,159,2.5,7,0.355,0.2,3.6,0.063,2.3,3.4,0.667,0.371,0.5,0.7,0.667,3.2,3.6,6.8,3.4,3.8,1.4,1.4,2,5.7,
312,Guerschon Yabusele,30,2TM,C,50,7,592,4.3,10.8,0.399,2.4,6.9,0.342,1.9,3.9,0.5,0.508,1.3,1.8,0.733,2.1,6.4,8.5,2.2,0.7,0.5,1.6,3.2,12.3,
312,Guerschon Yabusele,30,NYK,C,41,0,366,4.1,10.5,0.393,2,6.7,0.294,2.2,3.8,0.564,0.486,0.8,1.2,0.667,2.4,6.2,8.6,1.8,0.6,0.5,1.5,3.5,11,
312,Guerschon Yabusele,30,CHI,C,9,7,226,4.6,11.3,0.408,3,7.3,0.413,1.6,4,0.4,0.542,2.2,2.9,0.778,1.8,6.7,8.4,2.9,1,0.6,1.9,2.7,14.5,
313,Trendon Watford,25,PHI,PF,36,5,575,5.4,10.6,0.512,0.6,1.9,0.323,4.8,8.7,0.554,0.541,2.1,2.8,0.733,1.8,5.8,7.6,5.8,0.6,0.8,2.3,4.4,13.6,
314,Paul Reed,26,DET,C,42,8,570,7.8,13,0.597,0.6,1.8,0.357,7.1,11.2,0.635,0.621,2.2,3.5,0.625,5.2,6.7,11.9,3.2,2.4,2.2,2.5,4.5,18.4,
315,Tidjane Salaün,20,CHO,PF,35,0,570,5.1,9.9,0.51,2.3,5.2,0.439,2.8,4.7,0.587,0.624,1.6,2.4,0.684,1.6,7.8,9.4,1.7,1,0.4,1.6,3.4,14,
316,Ja Morant,26,MEM,PG,20,20,569,8.4,20.4,0.41,1.3,5.4,0.235,7.1,15,0.473,0.441,6.6,7.4,0.897,0.5,3.6,4.1,10.2,1.3,0.4,4.5,2.5,24.6,
317,Domantas Sabonis,29,SAC,C,19,15,564,7.7,14.1,0.543,0.3,1.7,0.185,7.3,12.4,0.593,0.554,3.6,4.9,0.727,4.1,9.7,13.8,5,1.1,0.3,3.3,4.2,19.2,
318,Dwight Powell,34,DAL,C,42,7,563,2.4,3.8,0.633,0,0.1,0,2.4,3.7,0.655,0.633,2.6,4,0.635,3.5,5.9,9.3,2.4,1.3,0.8,1.3,4.8,7.4,
319,Kasparas Jakučionis,19,MIA,PG,33,9,561,3.7,9.1,0.408,2.6,5.7,0.449,1.2,3.4,0.34,0.549,1.8,2,0.903,1.7,3.8,5.5,5.1,1.3,0.1,2,4.4,11.8,
320,Gary Harris,31,MIL,SG,39,2,559,2.2,5,0.442,1.3,3.2,0.408,0.9,1.8,0.5,0.571,0.5,0.6,0.889,0.8,2.6,3.5,2.6,1.4,0.4,1,2.8,6.2,
321,Jamir Watkins,24,WAS,SG,30,4,559,4.1,9.6,0.43,1.4,5.1,0.266,2.8,4.5,0.614,0.5,1.5,2.2,0.676,1.9,5,6.8,1.7,1.6,1,1.1,5.1,11.1,
322,Kevin Love,37,UTA,PF,32,5,550,4.6,11.7,0.399,2.9,8.1,0.363,1.7,3.5,0.481,0.525,2.1,2.6,0.821,3.3,9.1,12.4,4,0.7,0.6,1.8,3.3,14.3,
323,Jalen Wilson,25,BRK,PF,38,0,541,4.3,11.3,0.376,2.7,7.1,0.374,1.6,4.2,0.381,0.494,2.5,3.2,0.771,0.5,3.5,4,1.5,1.1,0.1,1.4,3.1,13.6,
324,Julian Strawther,23,DEN,SG,36,8,540,6.1,13.2,0.465,2.1,6.1,0.341,4.1,7.1,0.57,0.543,2.8,3.5,0.792,0.6,4.5,5.1,2.7,1.2,0.3,1.6,3.1,17.1,
325,Micah Potter,27,IND,C,27,3,533,5.3,10.9,0.481,2.8,6.8,0.406,2.5,4.1,0.607,0.608,3,3.4,0.882,1.7,6.3,8,3,0.9,0.6,1.7,3.3,16.3,
326,Josh Minott,23,2TM,PF,34,10,531,4.7,9.4,0.5,2.3,5.4,0.43,2.4,4,0.593,0.623,1.4,1.8,0.769,2.7,5.3,8,2.3,1.8,0.8,1.4,3.5,13,
326,Josh Minott,23,BOS,PF,33,10,526,4.7,9.3,0.507,2.3,5.3,0.442,2.4,4,0.593,0.632,1.4,1.8,0.769,2.7,5.3,8.1,2.3,1.6,0.8,1.4,3.5,13.1,
326,Josh Minott,23,BRK,SF,1,0,5,0,14.4,0,0,14.4,0,0,0,NA,0,0,0,NA,0,0,0,7.2,14.4,0,0,0,0,
327,Noah Penda,21,ORL,SF,40,2,530,4.6,10.5,0.432,1.7,4.4,0.385,2.9,6.1,0.467,0.513,1.7,2.6,0.641,3.8,5.8,9.6,3.1,1.4,1,2.2,3.5,12.5,
328,Jonathan Kuminga,23,2TM,PF,22,14,530,6.9,14.6,0.474,1.4,4.1,0.35,5.5,10.5,0.523,0.523,4.1,5.5,0.753,2.2,6.8,9,3.9,0.7,0.5,3.5,2.4,19.4,
328,Jonathan Kuminga,23,GSW,PF,20,13,476,6.7,14.7,0.454,1.3,4,0.321,5.4,10.7,0.504,0.497,3.7,5,0.742,2.2,6.7,8.8,3.8,0.6,0.5,3.5,2.5,18.3,
328,Jonathan Kuminga,23,ATL,PF,2,1,54,9.3,14,0.667,2.7,4.7,0.571,6.7,9.3,0.714,0.762,8,10,0.8,2.7,8,10.7,4.7,2,0.7,3.3,2,29.3,
329,Cole Anthony,25,MIL,PG,35,0,527,6.7,15.8,0.424,1.5,4.9,0.306,5.2,10.9,0.478,0.472,1.1,1.8,0.615,1.1,4.9,5.9,8.3,1.4,0.8,4.4,5,16,
330,Quenton Jackson,27,IND,PG,30,10,518,6.3,12.9,0.489,2.1,5.1,0.405,4.2,7.8,0.545,0.57,4.4,5.5,0.81,1.3,3.2,4.5,4.4,1.3,0.3,2.5,3.7,19.2,
331,Zeke Nnaji,25,DEN,PF,41,2,516,4.3,8.7,0.488,0.8,2.9,0.268,3.5,5.9,0.595,0.532,2.3,2.9,0.786,2,5.9,7.9,1.5,1,1.5,1.5,3.8,11.6,
332,Jamaree Bouyea,26,PHO,PG,33,0,512,6,12.6,0.48,1.3,4.2,0.317,4.7,8.4,0.563,0.534,1.5,2.2,0.71,1.1,3.4,4.5,4.3,1.8,1,1.5,2.2,15,
333,Jaden Hardy,23,2TM,SG,38,4,510,6.8,17.2,0.395,4.1,10.7,0.384,2.7,6.5,0.413,0.514,2.6,3.2,0.804,0.8,3.2,4,2.2,0.8,0.2,2.3,3.3,20.3,
333,Jaden Hardy,23,DAL,SG,34,4,428,6.6,16.3,0.402,3.9,10.4,0.371,2.7,5.9,0.457,0.521,2.6,3.4,0.775,0.9,3,4,2.4,0.8,0.2,2.3,3.3,19.6,
333,Jaden Hardy,23,WAS,SG,4,0,82,7.9,21.5,0.367,5.3,11.9,0.444,2.6,9.7,0.273,0.49,2.6,2.6,1,0,4,4,0.9,0.9,0.4,2.2,3.5,23.7,
334,Jonathan Isaac,28,ORL,PF,49,0,506,3.2,7.6,0.421,0.5,2.7,0.184,2.7,4.9,0.551,0.453,2.4,4,0.607,3,6.2,9.2,1.6,1.4,2.2,1.3,2.8,9.3,
335,Jordan Hawkins,23,NOP,SG,38,0,504,4,12.4,0.322,2.1,7,0.306,1.9,5.4,0.342,0.408,1,1.3,0.778,1,3.4,4.4,1.9,0.6,0.5,1.6,1.6,11.1,
336,Olivier-Maxence Prosper,23,MEM,PF,33,4,499,5.9,11.4,0.519,1.8,4.5,0.397,4.1,6.9,0.6,0.598,3.5,4,0.873,2.1,4.8,6.9,1.9,1,0.5,1.7,2.7,17.1,
337,D'Angelo Russell,29,DAL,PG,26,3,495,6.8,16.9,0.405,2.4,8.1,0.295,4.4,8.7,0.508,0.476,3.1,4.4,0.717,0.6,3.9,4.4,7.6,0.9,0.1,3.6,2.2,19.2,
338,Dalton Knecht,24,LAL,SF,44,1,494,5.5,12.5,0.444,2.2,7.2,0.303,3.4,5.2,0.639,0.532,1,1.5,0.7,0.9,3.9,4.8,1.1,0.7,0.7,1.4,2.9,14.3,
339,Jase Richardson,20,ORL,SG,42,0,491,5.5,11.7,0.472,1.8,5.1,0.362,3.7,6.6,0.556,0.55,2,2.7,0.73,1.4,2.5,3.9,3.6,0.9,0.1,1.6,3.4,14.8,
340,Aaron Holiday,29,HOU,PG,37,1,491,5.1,12.2,0.419,3.2,8.1,0.396,1.9,4.1,0.464,0.551,2.2,2.6,0.857,0.4,2,2.4,2.7,1.2,0.3,1.7,3.7,15.7,
341,Kyle Anderson,32,2TM,SF,24,3,490,5.3,9.4,0.563,0.3,0.4,0.667,5,9,0.557,0.578,2.3,3.4,0.674,1.6,4.3,5.9,4.7,2.1,1,1.8,4.3,13.2,
341,Kyle Anderson,32,UTA,SF,20,0,401,5.1,9.8,0.523,0.3,0.4,0.6,4.8,9.3,0.519,0.537,2.2,3.4,0.658,1.7,4.2,5.9,5.5,2.1,0.9,1.5,4.1,12.7,
341,Kyle Anderson,32,MEM,SF,4,3,89,6.1,7.7,0.789,0.4,0.4,1,5.7,7.3,0.778,0.816,2.4,3.2,0.75,1.2,4.4,5.7,1.2,2.4,1.6,2.8,4.9,15,
342,Rob Dillingham,21,2TM,PG,43,0,489,5.1,14.7,0.347,1.1,3.5,0.319,4,11.2,0.355,0.384,1.9,2.5,0.765,0.7,4,4.8,6.4,2.3,0.2,3.8,3.9,13.2,
342,Rob Dillingham,21,MIN,PG,35,0,326,5.2,15.6,0.333,1.3,3.6,0.364,3.9,11.9,0.324,0.376,1.7,2.2,0.75,0.6,4,4.5,6.4,2.1,0.3,4,4,13.4,
342,Rob Dillingham,21,CHI,PG,8,0,163,4.9,12.8,0.379,0.7,3.1,0.214,4.2,9.7,0.432,0.405,2.4,3.1,0.786,1.1,4.2,5.3,6.4,2.7,0,3.5,3.8,12.8,
343,Kobe Brown,26,2TM,PF,41,1,485,4.3,10.2,0.42,1.6,5.1,0.304,2.7,5.1,0.536,0.496,2.2,2.7,0.806,2.8,4.8,7.6,2.7,1,0.3,1.9,2.4,12.3,
343,Kobe Brown,26,LAC,PF,34,0,295,4,10.3,0.393,1.6,6,0.265,2.4,4.3,0.571,0.47,2.6,3.2,0.808,2.2,4.3,6.5,3.3,1.1,0.2,1.8,2,12.2,
343,Kobe Brown,26,IND,PF,7,1,190,4.7,10.2,0.463,1.5,3.8,0.4,3.2,6.4,0.5,0.537,1.5,1.9,0.8,3.8,5.5,9.3,1.9,0.8,0.4,2.1,3,12.5,
344,Drew Eubanks,28,SAC,C,36,11,475,5.8,9.8,0.597,0.1,0.5,0.167,5.8,9.3,0.618,0.601,2,3.5,0.565,2.5,5.1,7.6,1.1,1,1.6,1.9,3.6,13.7,
345,Tristan Vukcevic,22,WAS,C,37,7,470,7.8,16.7,0.468,1.8,6.6,0.279,6,10.1,0.591,0.523,4.8,6.1,0.788,1.8,6.1,7.9,3.2,1.2,2,3.3,3.9,22.3,
346,Keaton Wallace,26,ATL,PG,43,2,468,4.5,11.1,0.403,2.6,6.6,0.395,1.8,4.5,0.414,0.521,0.7,1.1,0.643,0.2,3.5,3.7,6.3,1.6,0.4,1.7,3.2,12.2,
347,Tyler Herro,26,MIA,SG,15,10,453,9.4,19.5,0.482,2.7,7.5,0.362,6.7,12,0.556,0.551,3.8,4.2,0.906,0.6,4.8,5.3,4.1,1,0.5,2.1,2.1,25.3,
348,Carter Bryant,20,SAS,PF,48,0,448,4.7,12.9,0.36,2.4,7.4,0.326,2.3,5.5,0.406,0.453,1.2,1.8,0.682,1.8,6.1,7.9,1.4,0.7,0.8,1.4,3.5,12.9,
349,Asa Newell,20,ATL,PF,40,1,445,6.5,12.1,0.537,2.2,5.6,0.391,4.3,6.5,0.663,0.628,1.1,2,0.56,3,3.6,6.6,1.6,1.2,1.1,1.7,5,16.3,
350,Thomas Bryant,28,CLE,C,42,0,442,6.4,12.8,0.503,2.3,6.7,0.341,4.2,6.1,0.68,0.592,2.9,3.4,0.857,2.8,6.9,9.7,2.1,0.8,1.4,1.4,4,18.1,
351,Trayce Jackson-Davis,25,2TM,C,40,1,439,5.2,8.9,0.583,0.1,0.1,1,5.1,8.8,0.579,0.588,2.9,5.1,0.565,4.6,5.8,10.4,2.8,1.2,1.7,1.6,3.3,13.3,
351,Trayce Jackson-Davis,25,GSW,C,36,1,411,5.3,8.9,0.588,0.1,0.1,1,5.2,8.8,0.584,0.593,2.5,4.6,0.558,4.1,5.7,9.8,2.8,1.1,1.7,1.6,3.5,13.1,
351,Trayce Jackson-Davis,25,TOR,C,4,0,28,3.9,7.7,0.5,0,0,NA,3.9,7.7,0.5,0.5,7.7,12.9,0.6,11.6,7.7,19.3,2.6,2.6,2.6,1.3,0,15.4,
352,Ousmane Dieng,22,2TM,C,34,1,432,5,11.5,0.435,2.6,6.4,0.403,2.4,5.1,0.475,0.547,1.1,1.3,0.813,0.8,5,5.8,3.2,0.5,1,1.2,2.7,13.7,
352,Ousmane Dieng,22,OKC,C,27,0,295,4.6,11.1,0.418,2.2,6,0.367,2.4,5.1,0.476,0.516,0.7,0.7,1,1,4.1,5.1,3.4,0.2,0.9,1,2.7,12.2,
352,Ousmane Dieng,22,MIL,C,7,1,137,5.8,12.4,0.468,3.4,7.4,0.464,2.4,5,0.474,0.606,1.8,2.6,0.7,0.5,6.8,7.4,2.6,1.1,1.3,1.6,2.9,16.8,
353,Kristaps Porziņģis,30,2TM,C,18,12,430,8.5,18.3,0.461,2.8,7.6,0.363,5.7,10.7,0.531,0.537,5.7,6.8,0.84,1.8,5.6,7.4,3.9,0.8,1.9,1.5,4.5,25.4,
353,Kristaps Porziņģis,30,ATL,C,17,12,413,8.4,18.3,0.457,2.7,7.5,0.36,5.7,10.8,0.524,0.531,5.9,7.1,0.84,1.8,5.8,7.6,4,0.8,1.9,1.4,4.7,25.4,
353,Kristaps Porziņģis,30,GSW,C,1,0,17,10.6,19.1,0.556,4.2,10.6,0.4,6.4,8.5,0.75,0.667,0,0,NA,0,2.1,2.1,2.1,0,2.1,4.2,0,25.4,
354,Jett Howard,22,ORL,SF,38,0,426,5.2,13.4,0.392,2.8,8.5,0.33,2.5,4.9,0.5,0.497,2.1,2.3,0.926,1.2,3.6,4.8,2.7,0.6,0.7,0.7,3.5,15.4,
355,Nick Richards,28,2TM,C,36,2,423,4.9,10,0.496,0.2,0.5,0.333,4.8,9.4,0.505,0.504,3.7,4.9,0.741,4.6,7.8,12.4,0.9,0.6,1.9,3.5,5,13.7,
355,Nick Richards,28,PHO,C,28,2,254,5,10.1,0.493,0,0,NA,5,10.1,0.493,0.493,2.7,4,0.679,5,7.9,12.9,1.1,0.6,2,3.5,5.5,12.6,
355,Nick Richards,28,CHI,C,8,0,169,4.9,9.8,0.5,0.4,1.3,0.333,4.5,8.5,0.525,0.522,5.1,6.4,0.8,4,7.7,11.7,0.4,0.6,1.7,3.4,4.3,15.3,
356,Tyrese Proctor,21,CLE,PG,41,1,417,6,15.1,0.394,3.1,9.2,0.34,2.8,6,0.478,0.497,2,2.3,0.852,0.5,3.2,3.7,4.7,1.4,0,2.3,3.9,17,
357,Tony Bradley,28,IND,C,38,3,416,5.1,9.2,0.557,0.1,0.2,0.5,5,9,0.558,0.561,2.8,3.7,0.744,4.8,4.4,9.3,1.7,0.5,0.6,1.5,5.2,13.1,
358,Javon Small,23,MEM,PG,24,1,404,5.4,12.2,0.445,2.6,6,0.433,2.9,6.2,0.457,0.551,2.9,3.6,0.8,1.4,4,5.4,7.4,1.2,0.4,2.2,2.6,16.3,
359,Dorian Finney-Smith,32,HOU,PF,24,0,392,2.4,7.8,0.306,1.6,6.2,0.25,0.8,1.6,0.529,0.406,0.5,0.5,1,1.8,3.6,5.4,1.6,0.7,0.4,1.5,4.2,6.8,
360,Dalen Terry,23,2TM,SG,37,0,392,4.2,9.7,0.434,1.8,4.4,0.417,2.4,5.3,0.448,0.528,1,1.7,0.579,1.7,4.3,6.1,4.1,2.2,1,2,3.1,11.3,
360,Dalen Terry,23,CHI,SG,34,0,377,4.3,9.7,0.441,1.8,4.4,0.413,2.5,5.3,0.464,0.534,0.9,1.6,0.529,1.8,4.3,6.1,4.1,2.1,1.1,2,3.2,11.3,
360,Dalen Terry,23,PHI,SG,3,0,15,2.4,9.6,0.25,2.4,4.8,0.5,0,4.8,0,0.375,4.8,4.8,1,0,4.8,4.8,4.8,4.8,0,2.4,2.4,12,
361,Bogdan Bogdanović,33,LAC,SG,18,3,389,4.3,11.8,0.367,2.3,7.2,0.321,2,4.6,0.44,0.465,1.8,2.1,0.826,0.6,4.3,4.9,4.4,0.9,0.1,2.2,3.8,12.8,
362,Jeremy Sochan,22,2TM,PF,32,0,388,4.5,9.7,0.467,0.8,3.3,0.25,3.7,6.4,0.58,0.51,1,1.5,0.688,2.4,4.8,7.2,2.9,1,0.6,1.7,4.9,10.9,
362,Jeremy Sochan,22,SAS,PF,28,0,358,4.7,10,0.475,0.9,3.5,0.257,3.8,6.4,0.594,0.52,1.1,1.6,0.688,2.6,4.7,7.3,2.8,1,0.5,1.8,5,11.5,
362,Jeremy Sochan,22,NYK,PF,4,0,30,2.4,7.2,0.333,0,1.2,0,2.4,6,0.4,0.333,0,0,NA,0,6,6,3.6,1.2,1.2,0,3.6,4.8,
363,Cam Christie,20,LAC,SG,39,0,387,4,10.1,0.394,1.1,4,0.279,2.9,6.1,0.47,0.45,3,3.9,0.762,1.1,4.6,5.7,2,0.9,0.3,1.5,1.6,12.1,
364,Ben Saraf,19,BRK,SG,22,5,384,3.6,10.6,0.336,1.1,4.5,0.25,2.4,6.1,0.4,0.389,2.3,3.1,0.727,0.7,2.7,3.4,5.6,1.6,0.4,3.7,2.6,10.5,
365,Ariel Hukporti,23,NYK,C,41,4,379,2.9,5.3,0.554,0.1,0.4,0.25,2.8,4.9,0.577,0.563,2,2.7,0.75,3.8,7.6,11.4,2,0.7,2.1,2,4.9,8,
366,Ethan Thompson,26,IND,SG,23,5,379,3.8,10.4,0.367,2,6.5,0.309,1.8,3.9,0.463,0.463,1,1.5,0.688,1,2.9,4,3.1,1.3,0.6,1.3,4.2,10.6,
367,Branden Carlson,26,OKC,C,35,2,376,6.7,12.8,0.522,2,5.8,0.344,4.7,7,0.671,0.601,0.9,1.6,0.529,2.3,6.5,8.8,2,0.6,1.7,1.2,2.9,16.3,
368,Yanic Konan Niederhäuser,22,LAC,C,38,0,374,5.5,8.6,0.64,0.1,0.5,0.2,5.4,8.1,0.667,0.646,3.6,4.9,0.725,3.3,6.2,9.4,1.2,0.3,2.2,2.2,5.6,14.6,
369,Amir Coffey,28,2TM,SG,36,2,373,3.8,7.9,0.476,1.1,3.5,0.306,2.7,4.4,0.609,0.543,1.7,2,0.857,1.1,2.8,3.9,2.1,0.7,0.4,0.5,2.1,10.3,
369,Amir Coffey,28,MIL,SG,30,2,265,3.5,7.5,0.473,1,3.4,0.28,2.6,4.1,0.633,0.536,1.8,2,0.867,0.8,2.7,3.5,1.5,0.4,0.4,0.5,1.9,9.8,
369,Amir Coffey,28,PHO,SG,6,0,108,4.3,9,0.481,1.3,3.7,0.364,3,5.3,0.563,0.556,1.7,2,0.833,1.7,3,4.7,3.7,1.3,0.3,0.3,2.7,11.7,
370,Jevon Carter,30,2TM,PG,29,0,372,5.5,13.8,0.399,4.1,10.3,0.396,1.5,3.6,0.405,0.545,1.1,1.1,1,0.8,3.1,3.9,3.1,1.8,0.6,1.6,2.5,16.2,
370,Jevon Carter,30,CHI,PG,23,0,254,5.8,14.6,0.398,4.5,11.1,0.41,1.3,3.5,0.36,0.553,1.4,1.4,1,0.7,3,3.7,2.7,1.8,0.3,1.6,2.7,17.6,
370,Jevon Carter,30,ORL,PG,6,0,118,4.9,12.2,0.4,3.1,8.5,0.357,1.8,3.7,0.5,0.525,0.3,0.3,1,0.9,3.4,4.3,4,1.8,1.2,1.8,2.1,13.1,
371,Moussa Cisse,23,DAL,C,31,1,366,4.1,7.1,0.583,0,0,NA,4.1,7.1,0.583,0.583,2.9,5.9,0.483,5.7,8,13.7,0.7,1,3.3,2.2,5.6,11.1,
372,Anthony Gill,33,WAS,PF,33,1,365,4.7,7.9,0.6,0.6,1.8,0.333,4.1,6.1,0.677,0.638,1.2,1.6,0.75,2.5,4.7,7.2,2.7,1.4,1.1,1.8,3.1,11.2,
373,Grant Williams,27,CHO,PF,18,3,363,4.1,9.8,0.414,2.4,6.7,0.353,1.7,3.1,0.548,0.535,2.9,3.5,0.829,2.5,5.2,7.6,3.2,0.6,0.7,1.5,2.7,13.4,
374,Jeremiah Robinson-Earl,25,2TM,PF,22,3,361,3.7,10,0.37,1,4.1,0.244,2.7,5.9,0.458,0.42,1.7,1.8,0.944,3.6,6.7,10.3,1.5,0.9,0.1,1.2,2.6,10.1,
374,Jeremiah Robinson-Earl,25,IND,PF,17,3,300,3.5,10,0.349,1,4,0.242,2.5,6,0.42,0.398,1.6,1.7,0.929,3.8,6.7,10.6,1.4,0.8,0.1,1.2,2.8,9.5,
374,Jeremiah Robinson-Earl,25,DAL,PF,5,0,61,4.7,10,0.471,1.2,4.7,0.25,3.5,5.3,0.667,0.529,2.4,2.4,1,2.4,6.5,8.9,1.8,1.2,0,1.2,1.8,13,
375,Jamison Battle,24,TOR,SF,42,2,354,5.1,9.9,0.515,2.3,5.6,0.418,2.7,4.3,0.643,0.634,0.6,0.9,0.667,1.5,4.5,6,1.6,0.5,0.2,1.5,3.1,13.1,
376,Cam Whitmore,21,WAS,SF,21,0,354,7.8,17.2,0.456,1.6,5.7,0.286,6.2,11.5,0.54,0.503,2.3,3.2,0.742,1.9,4,5.9,1.5,1.5,0.8,1.8,2.5,19.6,
377,Maxi Kleber,34,LAL,PF,32,1,347,2.4,5.5,0.434,0.6,2.2,0.286,1.8,3.3,0.531,0.491,1.5,2.3,0.636,2.5,3.6,6.1,2.2,1.1,0.6,1.3,4.9,6.8,
378,Kam Jones,23,IND,SG,23,5,346,4.1,9.2,0.443,1.1,4,0.289,2.9,5.2,0.56,0.506,0.2,0.6,0.333,0.8,2.5,3.3,5,0.9,0,1.7,2.1,9.5,
379,Julian Phillips,22,2TM,SF,38,2,346,4.1,9.6,0.424,1.7,5.2,0.32,2.4,4.4,0.548,0.511,1.4,1.6,0.867,2.3,2.3,4.6,0.7,2.1,0.6,0.8,3.5,11.1,
379,Julian Phillips,22,CHI,SF,35,2,334,4,9.5,0.42,1.7,5.3,0.327,2.3,4.2,0.538,0.511,1,1.2,0.818,2.4,2.4,4.7,0.8,1.8,0.6,0.8,3.6,10.7,
379,Julian Phillips,22,MIN,SF,3,0,12,6,12,0.5,0,3,0,6,9,0.667,0.5,12,12,1,0,0,0,0,9,0,3,3,24,
380,Liam McNeeley,20,CHO,SF,28,0,342,3.6,9.3,0.386,2.3,6.1,0.379,1.3,3.2,0.4,0.511,2.6,3.3,0.806,1.2,5.2,6.3,2.4,0.5,0.3,1.3,3.7,12.1,
381,Larry Nance Jr.,33,CLE,PF,27,2,342,3.7,10,0.368,1.7,5.3,0.32,2,4.7,0.422,0.453,0.3,0.5,0.6,2.4,5.1,7.5,2.7,1.6,0.4,1.3,5.1,9.4,
382,Mohamed Diawara,20,NYK,SF,48,6,338,5.3,11.6,0.459,2.9,7.1,0.403,2.4,4.5,0.548,0.583,0.3,0.6,0.5,1.1,4.8,5.9,2.8,1.3,0.5,1.6,3.3,13.8,
383,Devin Carter,23,SAC,PG,23,2,334,5.6,14.7,0.382,1,6,0.161,4.6,8.6,0.538,0.415,3.8,4.9,0.778,1.9,4.2,6.1,5.2,2,0.5,2.8,2.9,16,
384,Isaiah Livers,27,PHO,PF,32,0,331,2.4,6.6,0.361,1.3,4.2,0.308,1.1,2.4,0.455,0.459,1,1.3,0.75,2.1,4.5,6.5,2.3,1.3,0.9,1.3,2.9,7.1,
385,Nick Smith Jr.,21,LAL,SG,25,1,318,6.3,15.1,0.421,3.1,7.8,0.391,3.3,7.2,0.453,0.523,0.8,1.2,0.636,0.2,2,2.3,3.2,1,0.2,2.2,2.7,16.5,
386,Terrence Shannon Jr.,25,MIN,SG,25,0,310,3.9,10,0.395,1.7,4.4,0.395,2.2,5.6,0.396,0.483,2.9,3.6,0.806,0.7,2.6,3.3,1.6,0.9,0.1,1.9,3.9,12.5,
387,Christian Koloko,25,3TM,C,21,4,309,3,7.1,0.426,0.1,0.6,0.2,2.9,6.5,0.446,0.434,0.8,1.2,0.7,3.3,4.9,8.2,1.6,1.4,2.3,1.4,4.9,7,
387,Christian Koloko,25,LAL,C,2,0,6,0,0,NA,0,0,NA,0,0,NA,NA,0,0,NA,0,6,6,0,0,0,0,6,0,
387,Christian Koloko,25,MEM,C,11,2,195,2.6,6.5,0.4,0,0.2,0,2.6,6.3,0.412,0.4,0.2,0.7,0.25,3.5,4.6,8.1,1.8,1.8,2.4,1.3,3.7,5.4,
387,Christian Koloko,25,ATL,C,8,2,108,4,8.7,0.462,0.3,1.3,0.25,3.7,7.3,0.5,0.481,2,2,1,3,5.3,8.3,1.3,0.7,2.3,1.7,7,10.3,
388,Kelly Olynyk,34,SAS,C,33,0,302,4.8,9.8,0.488,1.1,4.5,0.237,3.7,5.2,0.705,0.543,2.4,3.6,0.667,2.4,4.9,7.3,4.5,1.5,0.1,2.5,4.4,13,
389,Jae'Sean Tate,30,HOU,SF,34,0,287,5,9.8,0.513,1,3,0.333,4,6.8,0.593,0.564,0.5,0.9,0.571,2.8,3.1,5.9,2.1,1.1,0.4,1.3,4.6,11.5,
390,Rasheer Fleming,21,PHO,PF,34,0,284,4.4,12.4,0.357,2,7.4,0.276,2.4,5.1,0.475,0.439,1,1.4,0.727,3.3,3.3,6.6,0.9,1.1,0.9,1.5,3.3,11.9,
391,Zach Edey,23,MEM,C,11,11,284,7.9,12.4,0.633,0.1,0.6,0.2,7.7,11.8,0.656,0.638,3.2,4.1,0.781,5.5,10,15.5,1.5,0.9,2.7,3.3,4.7,19,
392,Trae Young,27,ATL,PG,10,10,280,7.2,17.4,0.415,2.3,7.6,0.305,4.9,9.8,0.5,0.481,8.1,9.4,0.863,0,1.9,1.9,11.4,1.3,0.1,3.3,2.6,24.8,
393,Malaki Branham,22,WAS,SG,28,0,275,5.6,11.9,0.473,1.8,4.8,0.378,3.8,7.1,0.537,0.549,3.7,4.5,0.824,1.6,4.2,5.8,3,1.3,0.4,2,2.7,16.8,
394,Sharife Cooper,24,WAS,PG,17,0,275,6,12,0.5,1.3,3.7,0.357,4.7,8.4,0.563,0.554,1.6,2.2,0.706,0.9,4.1,5,5.2,0.8,0.3,3.7,3.7,14.9,
395,Pete Nance,25,MIL,PF,25,0,274,6.6,11.2,0.588,3.3,6.4,0.51,3.3,4.7,0.694,0.735,0,0,NA,1.6,5.3,6.8,2.1,0.9,0.7,1.4,2.8,16.4,
396,Myron Gardner,24,MIA,SF,29,4,270,5.6,11.7,0.477,2.5,6.3,0.404,3.1,5.5,0.561,0.585,1.9,2.5,0.737,3.7,7.5,11.2,4,1.9,0.7,0.9,6.4,15.6,
397,Yang Hansen,20,POR,C,35,1,264,3.5,12,0.295,0.7,5.2,0.132,2.9,6.8,0.42,0.324,2.9,3.5,0.808,2.3,5.2,7.5,2.9,0.4,1.2,4.1,5.5,10.6,
398,Daeqwon Plowden,27,SAC,SG,12,1,264,4.6,10.9,0.425,1.9,6.8,0.28,2.7,4.1,0.667,0.513,1.5,1.6,0.917,2,3,5,1.8,0.7,0.4,0.8,2.6,12.7,
399,Duop Reath,29,POR,C,32,0,258,4.6,10.3,0.446,3.2,7.7,0.418,1.4,2.7,0.526,0.601,0.7,0.8,0.833,1.4,3.9,5.3,1.4,0.7,1.1,1,3.9,13.1,
400,Taelon Peter,23,IND,SG,26,0,258,4,11.3,0.358,3.2,10,0.319,0.8,1.3,0.667,0.5,0.7,1.4,0.5,0.8,4,4.9,3.9,2,0.3,2.1,2.7,12,
401,Kevon Looney,29,NOP,C,18,6,251,3.3,7.5,0.442,0.1,1.3,0.111,3.2,6.2,0.512,0.452,0.7,1.1,0.625,6,7.7,13.8,3.6,0.9,1.3,1.1,4.6,7.5,
402,Brooks Barnhizer,23,OKC,SG,31,0,245,2.6,7.2,0.367,0.7,2.5,0.294,1.9,4.7,0.406,0.418,0.6,0.9,0.667,1.5,6.8,8.2,2.4,0.9,0.6,1.2,3.1,6.6,
403,KJ Simpson,23,2TM,PG,16,2,245,4.8,14.1,0.344,1.8,5.7,0.308,3.1,8.4,0.368,0.406,1.6,2.6,0.611,1.2,3.8,5,6.3,2.4,0,3.5,2.2,13.1,
403,KJ Simpson,23,CHO,PG,14,2,223,5,14.4,0.348,1.9,6.3,0.308,3.1,8.1,0.38,0.416,1.6,2.6,0.625,0.8,3.9,4.7,5.7,2.4,0,3.9,2.3,13.6,
403,KJ Simpson,23,DEN,PG,2,0,22,3.3,11.5,0.286,0,0,NA,3.3,11.5,0.286,0.286,1.6,3.3,0.5,4.9,3.3,8.2,13.1,1.6,0,0,1.6,8.2,
404,AJ Johnson,21,2TM,SG,31,0,245,4.7,13.8,0.34,1.2,4.1,0.286,3.5,9.7,0.364,0.383,1.6,2.1,0.786,1.2,3.8,5,3.5,1,0,2.8,2.2,12.2,
404,AJ Johnson,21,WAS,SG,25,0,214,4.5,14,0.325,1.2,4.2,0.28,3.4,9.8,0.345,0.367,1.5,2,0.75,1.3,3.9,5.2,3.7,1.2,0,3,2.5,11.8,
404,AJ Johnson,21,DAL,SG,6,0,31,5.8,12.8,0.455,1.2,3.5,0.333,4.6,9.3,0.5,0.5,2.3,2.3,1,0,3.5,3.5,2.3,0,0,1.2,0,15.1,
405,Jalen Green,23,PHO,SG,12,7,242,8.8,24.4,0.36,3.3,11.8,0.278,5.5,12.6,0.435,0.427,2.2,3.1,0.714,1,4.2,5.2,3.9,1.9,0,3,1.8,23.1,
406,Blake Wesley,22,POR,SG,16,0,229,5.3,11.9,0.447,1.1,3.9,0.28,4.2,8,0.529,0.493,2.2,4.1,0.538,0.9,3.1,4.1,6.9,2.4,0.2,2.8,3.1,14,
407,Chris Paul,40,LAC,PG,16,0,228,2.8,8.8,0.321,1.6,4.7,0.333,1.3,4.1,0.308,0.411,0.2,0.3,0.5,0.9,3.5,4.4,8.4,1.7,0,2.5,3.6,7.4,
408,Moritz Wagner,28,ORL,C,18,0,223,8.7,17.4,0.5,2.7,6.9,0.395,6,10.5,0.569,0.579,5.2,6.1,0.842,2.3,6.5,8.7,2.4,2.1,0.2,1.6,4.7,25.3,
409,Jahmai Mashack,23,MEM,SG,15,3,218,4.3,11.1,0.388,1.5,5.1,0.29,2.8,5.9,0.472,0.455,0.2,0.7,0.25,1.2,3,4.1,2.6,3.3,0.7,2.3,3.6,10.2,
410,PJ Hall,23,2TM,C,19,2,214,5,9.9,0.508,0.5,0.8,0.6,4.5,9.1,0.5,0.534,3.9,4.9,0.793,5.6,7.1,12.6,1.7,0.5,1.7,2.7,3.7,14.5,
410,PJ Hall,23,MEM,C,7,0,27,6.7,12,0.556,1.3,4,0.333,5.3,8,0.667,0.611,2.7,4,0.667,4,8,12,2.7,0,2.7,1.3,4,17.3,
410,PJ Hall,23,CHO,C,12,2,187,4.8,9.6,0.5,0.4,0.4,1,4.4,9.2,0.479,0.52,4,5,0.808,5.8,6.9,12.7,1.5,0.6,1.5,2.9,3.7,14.1,
411,Bronny James,21,LAL,SG,29,1,211,4.1,10.2,0.4,1.9,4.6,0.407,2.2,5.6,0.394,0.492,0.7,0.9,0.8,0.7,1.9,2.6,6,1.9,0.3,2.4,2.7,10.7,
412,Pat Connaughton,33,CHO,SG,26,0,207,5,10.4,0.483,2.3,6.1,0.371,2.8,4.3,0.64,0.592,1.6,2.4,0.643,1.7,5.6,7.3,2.8,1,0.2,1.2,1.2,13.9,
413,Joan Beringer,19,MIN,PF,29,1,202,7.1,10.5,0.678,0,0,NA,7.1,10.5,0.678,0.678,2,3,0.647,5.2,5,10.2,1.2,0.5,2.3,1.4,6.1,16.2,
414,Lindy Waters III,28,SAS,SG,29,0,198,3.8,10.4,0.368,3.1,9.1,0.34,0.7,1.3,0.571,0.518,0.2,0.2,1,0.4,3.5,3.8,2,0.7,0,0.7,3.3,10.9,
415,Garrison Mathews,29,IND,SG,15,1,196,3.9,9.6,0.404,3.1,8.4,0.37,0.7,1.1,0.667,0.567,3.5,4.2,0.826,0.4,2.8,3.1,1.8,1.1,0.6,0.6,3.5,14.3,
416,Nigel Hayes-Davis,31,PHO,SF,27,0,195,2.8,8.5,0.326,0.4,3,0.125,2.4,5.5,0.433,0.348,0.4,0.7,0.5,2.2,3.9,6.1,1.3,1.5,0.4,1.5,3,6.3,
417,DaRon Holmes,23,DEN,PF,17,6,186,4.8,10.1,0.481,3.1,7.4,0.421,1.7,2.7,0.643,0.635,1.2,1.5,0.75,1,4.5,5.4,3.1,0,0.8,1.2,3.3,13.9,
418,JD Davison,23,HOU,PG,25,0,184,4.1,10.6,0.389,1.6,5.5,0.286,2.5,5.1,0.5,0.463,1,1.8,0.556,0.4,4.1,4.5,5.5,1,0.8,1.4,3.1,10.8,
419,Zach Collins,28,CHI,C,10,0,184,7.2,12.5,0.578,1.8,4.1,0.429,5.5,8.4,0.651,0.648,2.7,3.9,0.7,3.1,7.8,11,2.9,0.4,0.8,2,3.5,19,
420,Scoot Henderson,21,POR,PG,8,1,183,6.9,16.5,0.417,2.4,8.5,0.279,4.5,8.1,0.561,0.488,5.3,6.1,0.871,1.2,3.9,5.1,7.9,0.6,0.2,5.1,4.7,21.4,
421,Andre Jackson Jr.,24,MIL,SG,28,0,177,2.6,10,0.265,1,5.5,0.185,1.6,4.5,0.364,0.316,1.8,2,0.9,2.4,3.1,5.5,4.9,1.4,0.4,2,5.1,8.1,
422,RayJ Dennis,24,3TM,PG,15,0,177,4.5,14.8,0.301,2.4,7.9,0.308,2,6.9,0.294,0.384,1.6,1.8,0.889,1.6,3.1,4.7,6.1,0.8,0.8,3.1,3.5,13,
422,RayJ Dennis,24,IND,PG,13,0,168,4.7,15.4,0.306,2.6,8.1,0.316,2.1,7.3,0.294,0.389,1.7,1.9,0.889,1.7,2.8,4.5,5.6,0.6,0.9,3,3.4,13.7,
422,RayJ Dennis,24,LAC,PG,1,0,4,0,0,NA,0,0,NA,0,0,NA,NA,0,0,NA,0,18,18,0,0,0,9,0,0,
422,RayJ Dennis,24,ATL,PG,1,0,5,0,7.2,0,0,7.2,0,0,0,NA,0,0,0,NA,0,0,0,28.8,7.2,0,0,7.2,0,
423,Jordan McLaughlin,29,SAS,PG,28,0,175,4.3,10.9,0.396,2.1,5.6,0.37,2.3,5.3,0.423,0.491,0.8,1,0.8,0.8,3.3,4.1,4.1,2.7,0.2,1.9,2.1,11.5,
424,Chris Youngblood,23,OKC,SG,32,0,174,4.1,12.4,0.333,3.3,10.6,0.314,0.8,1.9,0.444,0.467,1.9,2.1,0.9,1.4,4.3,5.8,2.3,0.8,0.6,0.4,4.1,13.4,
425,Chaz Lanier,24,DET,SG,20,0,171,4.4,12,0.368,3.2,9.5,0.333,1.3,2.5,0.5,0.5,1.1,1.1,1,1.5,2.5,4,2.7,1.1,0,0.4,1.5,13.1,
426,Marcus Sasser,25,DET,PG,18,0,170,7,14.8,0.471,4,9.5,0.422,3,5.3,0.56,0.607,2.1,2.3,0.909,0.2,3,3.2,7.2,2.3,0.4,2.8,3.2,20.1,
427,Taurean Prince,31,MIL,SF,8,0,169,3.6,8.1,0.447,2.6,6,0.429,1.1,2.1,0.5,0.605,0.6,0.6,1,0,2.8,2.8,1.7,1.3,0.4,1.1,4.3,10.4,
428,Ty Jerome,28,MEM,SG,8,8,168,11.1,21.6,0.515,4.5,10.9,0.412,6.6,10.7,0.62,0.619,6.9,7.9,0.865,1.3,3.4,4.7,9.6,2.1,0.4,3,3.6,33.6,
429,Keshad Johnson,24,MIA,SF,23,0,164,5.7,13.8,0.413,1.8,5.5,0.32,4,8.3,0.474,0.476,2.9,3.7,0.765,3.5,5.9,9.4,0.4,1.1,1.1,2.2,4,16,
430,Hunter Tyson,25,DEN,PF,21,2,162,3.1,11.6,0.269,1.6,7.3,0.212,1.6,4.2,0.368,0.337,2.4,2.9,0.846,0.9,7.1,8,3.8,0.4,0.2,1.1,2.9,10.2,
431,Ron Harper Jr.,25,BOS,SF,14,2,160,3.8,11.9,0.321,2.5,9.5,0.262,1.4,2.5,0.545,0.425,0.2,0.5,0.5,3.2,3.4,6.5,2.7,0.5,1.4,0.5,2.9,10.4,
432,Walker Kessler,24,UTA,C,5,5,154,6.1,8.6,0.703,1.4,1.9,0.75,4.7,6.8,0.69,0.784,3.3,4.7,0.7,5.4,7.2,12.6,3.5,1.6,2.1,3.7,5.1,16.8,
433,Drew Timme,25,LAL,PF,18,0,150,6.2,11,0.565,1.7,4.1,0.412,4.6,7,0.655,0.641,1,1.7,0.571,1.9,3.6,5.5,3.6,1.2,0,1.4,2.4,15.1,
434,Jonathan Mogbo,24,TOR,PF,23,0,139,3.6,7.3,0.5,0,0,NA,3.6,7.3,0.5,0.5,0.5,1.3,0.4,3.1,6.5,9.6,2.6,1,1,1.6,3.4,7.8,
435,Khaman Maluach,19,PHO,C,26,0,137,4.7,10,0.474,0.5,2.6,0.2,4.2,7.4,0.571,0.5,2.4,2.9,0.818,3.9,6.8,10.8,0.8,0.5,2.6,3.4,5,12.4,
436,Jamal Cain,26,ORL,SF,20,0,137,3.9,10.8,0.366,1.6,5.3,0.3,2.4,5.5,0.429,0.439,3.9,4.7,0.833,1.8,2.4,4.2,1.8,1.3,0.3,1.8,5.8,13.4,
437,Leonard Miller,22,2TM,SF,24,0,135,6.9,11.5,0.605,0.8,3.7,0.214,6.1,7.7,0.793,0.64,2.7,3.7,0.714,1.9,6.9,8.8,2.1,1.3,0.8,3.2,4,17.3,
437,Leonard Miller,22,MIN,SF,19,0,95,6.8,12.5,0.545,0.4,4.5,0.083,6.4,8,0.81,0.561,2.7,4.2,0.636,2.7,6.8,9.5,1.9,1.5,0,3.4,4.5,16.7,
437,Leonard Miller,22,CHI,SF,5,0,40,7.2,9,0.8,1.8,1.8,1,5.4,7.2,0.75,0.9,2.7,2.7,1,0,7.2,7.2,2.7,0.9,2.7,2.7,2.7,18.9,
438,Mason Plumlee,35,CHO,C,14,2,125,2.6,3.5,0.75,0,0,NA,2.6,3.5,0.75,0.75,2.3,3.5,0.667,2.9,8.6,11.5,4.6,1.7,0,2.6,2.9,7.5,
439,Lachlan Olbrich,22,CHI,C,18,0,124,2.6,6.1,0.429,0.6,2,0.286,2,4.1,0.5,0.476,1.2,2.9,0.4,3.5,7.5,11,3.5,0.6,0.3,1.2,6.4,7,
440,Kevin McCullar Jr.,24,NYK,SF,16,0,123,3.8,9.7,0.394,1.8,5,0.353,2,4.7,0.438,0.485,0.6,1.5,0.4,2.6,4.4,7,5.6,1.8,0,3.2,5.3,10,
441,Scotty Pippen Jr.,25,MEM,PG,6,2,123,6.4,15.8,0.407,2,6.1,0.333,4.4,9.7,0.455,0.472,3.8,4.7,0.813,1.5,1.8,3.2,9.1,4.1,0.9,5,5.3,18.7,
442,Xavier Tillman Sr.,27,2TM,C,19,1,123,4.4,10.2,0.429,0.9,5,0.176,3.5,5.3,0.667,0.471,0,0,NA,3.8,4.7,8.5,1.5,1.8,0.6,1.8,2.9,9.7,
442,Xavier Tillman Sr.,27,BOS,C,14,1,111,4.5,10.1,0.452,1,4.9,0.2,3.6,5.2,0.688,0.5,0,0,NA,3.2,4.9,8.1,1.6,1.9,0.6,1.6,2.9,10.1,
442,Xavier Tillman Sr.,27,CHO,C,5,0,12,3,12,0.25,0,6,0,3,6,0.5,0.25,0,0,NA,9,3,12,0,0,0,3,3,6,
443,Bradley Beal,32,LAC,SG,6,6,121,5.4,14.3,0.375,2.1,5.7,0.368,3.3,8.6,0.379,0.448,1.8,2.4,0.75,0.6,0.9,1.5,3,0.9,0,2.7,4.2,14.6,
444,Doug McDermott,34,SAC,SF,12,0,116,5.3,12.7,0.415,5,12.4,0.4,0.3,0.3,1,0.61,0.6,0.6,1,0.3,2.5,2.8,1.2,0.9,0.3,1.9,2.2,16.1,
445,Dereck Lively II,21,DAL,C,7,4,115,3.4,5.6,0.611,0,0,NA,3.4,5.6,0.611,0.611,2.5,3.1,0.8,4.4,7.2,11.6,4.1,1.3,3.4,3.1,6.6,9.4,
446,Amari Williams,24,BOS,PF,15,2,113,2.2,5.1,0.438,0,0,NA,2.2,5.1,0.438,0.438,2.5,3.8,0.667,2.2,7.3,9.6,1.9,0.6,2.9,1.9,4.8,7,
447,A.J. Lawson,25,TOR,SG,13,0,109,5.3,13.5,0.39,2.6,7.3,0.364,2.6,6.3,0.421,0.488,3,3,1,2.3,5.3,7.6,1,1.3,1,1.3,5,16.2,
448,Elijah Harkless,25,UTA,SG,10,0,108,2.7,7,0.381,0.7,3.3,0.2,2,3.7,0.545,0.429,4,5.3,0.75,0.7,3,3.7,5.3,3.3,0.3,2,4,10,
449,Miles Kelly,23,DAL,PG,13,0,103,4.5,11.5,0.394,2.8,9.1,0.308,1.7,2.4,0.714,0.515,0,0,NA,1.4,5.2,6.6,2.8,1,0,1.4,3.8,11.9,
450,Luke Travers,24,CLE,SG,12,0,103,3.1,12.6,0.25,0.3,5.6,0.063,2.8,7,0.4,0.264,3.1,3.1,1,3.1,5.2,8.4,3.1,2.4,1.4,1,2.1,9.8,
451,Alondes Williams,26,WAS,SG,4,0,101,5.7,9.3,0.615,1.8,5,0.357,3.9,4.3,0.917,0.712,2.5,2.9,0.875,1.8,7.1,8.9,4.3,1.1,1.1,1.8,1.4,15.7,
452,Jeff Green,39,HOU,PF,20,0,98,6.2,13.6,0.459,4,9.6,0.423,2.2,4,0.545,0.608,0.4,0.4,1,0.4,3.7,4,1.5,0.4,0.4,0.4,1.8,16.9,
453,Adou Thiero,21,LAL,SF,17,0,98,3.3,7.3,0.45,0,0.4,0,3.3,7,0.474,0.45,2.6,3.3,0.778,2.6,4,6.6,1.8,1.8,0.7,1.5,5.5,9.2,
454,Alijah Martin,24,TOR,SG,13,0,97,4.1,11.9,0.344,0.7,4.5,0.167,3.3,7.4,0.45,0.375,3.7,4.5,0.833,2.2,3,5.2,3,2.2,1.1,1.1,3.7,12.6,
455,Matisse Thybulle,28,POR,SG,8,0,95,4.9,9.9,0.5,3.4,6.4,0.529,1.5,3.4,0.444,0.673,3,3,1,1.5,3.4,4.9,1.9,5.7,0.8,1.9,4.9,16.3,
456,Chris Boucher,33,BOS,PF,9,0,94,3.1,9.6,0.32,0.8,5.7,0.133,2.3,3.8,0.6,0.36,1.1,1.5,0.75,0.8,6.1,6.9,1.1,1.9,2.7,0.4,6.5,8,
457,Obi Toppin,27,IND,PF,4,1,91,6.3,15.8,0.4,1.2,7.9,0.15,5.1,7.9,0.65,0.438,4,4.4,0.909,1.2,7.5,8.7,2.4,1.6,0,2.4,2.8,17.8,
458,DeAndre Jordan,37,NOP,C,5,4,90,4,5.2,0.769,0,0,NA,4,5.2,0.769,0.769,2,3.6,0.556,5.2,10.8,16,0.8,0.4,2.4,2.4,2.8,10,
459,Javonte Cooke,26,POR,SG,17,0,89,3.6,15.4,0.237,1.2,8.5,0.143,2.4,6.9,0.353,0.276,0.8,0.8,1,1.2,5.7,6.9,2.8,2.4,0,3.6,2.4,9.3,
460,Johnny Juzang,24,MIN,SG,21,0,88,6.5,15.5,0.421,2.5,9.8,0.25,4.1,5.7,0.714,0.5,2,3.3,0.625,2,4.9,7,2.5,0.8,0.4,2,1.2,17.6,
461,Bismack Biyombo,33,SAS,C,15,1,88,1.6,2.9,0.571,0,0,NA,1.6,2.9,0.571,0.571,1.2,1.6,0.75,1.6,3.7,5.3,1.6,1.6,0.4,2,6.5,4.5,
462,Tolu Smith,25,DET,PF,7,0,88,4.1,8.6,0.476,0,0,NA,4.1,8.6,0.476,0.476,5.3,7.4,0.722,5.3,8.2,13.5,2.5,0.8,2,2,5.7,13.5,
463,Joe Ingles,38,MIN,SF,20,0,80,1.4,3.6,0.375,0.9,2.7,0.333,0.5,0.9,0.5,0.5,0.9,0.9,1,0,3.2,3.2,7.2,3.2,0,3.2,2.7,4.5,
464,Yuki Kawamura,24,CHI,PG,4,0,76,2.4,8.1,0.294,1.9,6.2,0.308,0.5,1.9,0.25,0.412,2.8,2.8,1,1.4,6.2,7.6,10.4,2.4,0,1.9,1.9,9.5,
465,Kobe Bufkin,22,LAL,SG,7,1,75,3.4,11.5,0.292,1.4,6.2,0.231,1.9,5.3,0.364,0.354,1.9,1.9,1,0.5,2.9,3.4,1.4,1,1.4,1.9,1.9,10.1,
466,Eric Gordon,37,PHI,SG,6,0,74,5.8,10.2,0.571,3.9,6.8,0.571,1.9,3.4,0.571,0.762,0.5,1,0.5,0.5,0.5,1,1.5,1.9,0.5,1.5,1.5,16.1,
467,Pacome Dadiet,20,NYK,SG,20,0,68,1.6,6.9,0.231,0.5,4.2,0.125,1.1,2.6,0.4,0.269,3.2,3.2,1,1.1,6.4,7.4,4.8,1.6,0,0,1.6,6.9,
468,David Jones García,24,SAS,SF,11,0,68,6.9,13.2,0.52,1.6,2.6,0.6,5.3,10.6,0.5,0.58,1.6,3.2,0.5,2.1,4.8,6.9,9.5,3.2,0.5,2.6,3.2,16.9,
469,Cameron Payne,31,PHI,PG,5,0,67,3.2,13.4,0.24,2.1,10.7,0.2,1.1,2.7,0.4,0.32,0,0,NA,0,2.7,2.7,5.4,3.8,0,1.1,3.2,8.6,
470,Kadary Richmond,24,WAS,SG,3,0,67,5.4,8.6,0.625,1.1,2.1,0.5,4.3,6.4,0.667,0.688,1.6,1.6,1,0.5,4.8,5.4,4.3,4.3,0.5,1.1,1.1,13.4,
471,Monte Morris,30,IND,PG,6,0,65,3.9,11.1,0.35,1.1,4.4,0.25,2.8,6.6,0.417,0.4,1.1,2.2,0.5,0.6,3.3,3.9,5,0.6,0.6,1.1,1.7,10,
472,Thanasis Antetokounmpo,33,MIL,SF,21,0,64,5.1,9,0.563,0,0.6,0,5.1,8.4,0.6,0.563,5.1,7.9,0.643,4.5,3.9,8.4,1.7,3.4,1.7,1.7,5.1,15.2,
473,Bobi Klintman,22,DET,SF,9,0,64,3.9,13.5,0.292,1.7,6.8,0.25,2.3,6.8,0.333,0.354,0,1.7,0,2.8,6.8,9.6,2.3,1.7,0,2.8,6.2,9.6,
474,Drew Peterson,26,CHO,PF,6,0,64,1.1,9,0.125,0,6.8,0,1.1,2.3,0.5,0.125,0.6,1.1,0.5,1.7,3.4,5.1,1.1,1.7,0.6,0,1.7,2.8,
475,Kyle Lowry,39,PHI,PG,7,0,63,1.7,5.7,0.3,1.7,5.7,0.3,0,0,NA,0.45,1.7,2.3,0.75,0,2.3,2.3,4.6,1.1,0.6,1.1,1.7,6.9,
476,Antonio Reeves,25,CHO,SG,8,0,61,5.3,11.2,0.474,3.5,7.1,0.5,1.8,4.1,0.429,0.632,0,0,NA,0.6,2.4,3,1.2,0.6,0,0.6,1.8,14.2,
477,Blake Hinson,26,UTA,SF,3,0,59,6.1,11,0.556,3.7,7.9,0.462,2.4,3.1,0.8,0.722,0,0.6,0,0.6,2.4,3.1,1.2,0,0.6,0.6,4.9,15.9,
478,James Wiseman,24,IND,C,4,1,58,3.7,6.2,0.6,0,0,NA,3.7,6.2,0.6,0.6,0.6,1.2,0.5,3.1,1.9,5,1.9,0,0.6,3.1,6.2,8.1,
479,Trey Jemison,26,NYK,C,10,0,57,2.5,4.4,0.571,0,0,NA,2.5,4.4,0.571,0.571,0.6,0.6,1,4.4,5.1,9.5,1.3,0.6,1.3,3.2,4.4,5.7,
480,Johni Broome,23,PHI,C,11,0,55,2.6,15.7,0.167,0,3.3,0,2.6,12.4,0.211,0.167,1.3,3.9,0.333,4.6,5.9,10.5,2.6,2,1.3,2,4.6,6.5,
481,Cody Martin,30,IND,SF,4,0,55,1.3,6.5,0.2,0,3.3,0,1.3,3.3,0.4,0.2,2,3.9,0.5,0.7,8.5,9.2,1.3,2.6,1.3,2.6,3.3,4.6,
482,Wendell Moore Jr.,24,DET,SG,5,0,54,2.7,4.7,0.571,0,0.7,0,2.7,4,0.667,0.571,1.3,1.3,1,0.7,3.3,4,2,1.3,1.3,0.7,0.7,6.7,
483,Oscar Tshiebwe,26,UTA,C,5,0,54,5.3,8,0.667,0,0,NA,5.3,8,0.667,0.667,0,0.7,0,5.3,6,11.3,3.3,0.7,0,0.7,5.3,10.7,
484,Nikola Topić,20,OKC,PG,5,0,53,4.8,10.9,0.438,1.4,3.4,0.4,3.4,7.5,0.455,0.5,0,0,NA,1.4,4.1,5.4,6.8,0,0,7.5,2.7,10.9,
485,Dejounte Murray,29,NOP,PG,2,2,51,7.1,16.2,0.435,2.1,7.8,0.273,4.9,8.5,0.583,0.5,4.9,4.9,1,0.7,2.8,3.5,8.5,3.5,0.7,7.8,3.5,21.2,
486,Caleb Houstan,23,ATL,SF,10,0,49,5.1,11,0.467,4.4,8.8,0.5,0.7,2.2,0.333,0.667,2.2,2.2,1,2.9,0.7,3.7,1.5,0.7,0.7,2.9,4.4,16.9,
487,E.J. Liddell,25,BRK,PF,10,0,49,5.9,12.5,0.471,2.9,8.1,0.364,2.9,4.4,0.667,0.588,1.5,2.2,0.667,2.2,5.9,8.1,0,0.7,0,0,2.9,16.2,
488,Killian Hayes,24,SAC,PG,3,0,49,2.2,15.4,0.143,1.5,8.8,0.167,0.7,6.6,0.111,0.19,0,0,NA,0,3.7,3.7,9.6,1.5,0,0.7,5.1,5.9,
489,Lawson Lovering,22,MEM,C,2,1,49,4.4,7.3,0.6,0,0,NA,4.4,7.3,0.6,0.6,1.5,3.7,0.4,4.4,6.6,11,2.2,2.2,0.7,1.5,5.1,10.3,
490,Keshon Gilbert,22,WAS,PG,3,0,48,0.7,3,0.25,0,1.5,0,0.7,1.5,0.5,0.25,3,3,1,1.5,2.3,3.7,2.3,1.5,3,4.5,2.3,4.5,
491,Isaiah Crawford,24,HOU,SF,7,0,47,3.1,6.1,0.5,1.5,4.6,0.333,1.5,1.5,1,0.625,0,0,NA,0.8,3.8,4.6,2.3,1.5,2.3,1.5,1.5,7.7,
492,Mac McClung,27,2TM,SG,4,0,47,6.9,19.1,0.36,1.5,9.2,0.167,5.4,10,0.538,0.4,2.3,3.1,0.75,0,3.8,3.8,1.5,3.8,1.5,2.3,6.1,17.6,
492,Mac McClung,27,IND,SG,3,0,34,7.4,19.1,0.389,2.1,10.6,0.2,5.3,8.5,0.625,0.444,3.2,4.2,0.75,0,4.2,4.2,1.1,5.3,1.1,2.1,6.4,20.1,
492,Mac McClung,27,CHI,SG,1,0,13,5.5,19.4,0.286,0,5.5,0,5.5,13.8,0.4,0.286,0,0,NA,0,2.8,2.8,2.8,0,2.8,2.8,5.5,11.1,
493,Jahmir Young,25,MIA,PG,8,0,44,5.7,15.5,0.368,1.6,5.7,0.286,4.1,9.8,0.417,0.421,0.8,0.8,1,1.6,1.6,3.3,4.9,0.8,0,1.6,3.3,13.9,
494,Isaiah Stevens,25,SAC,PG,3,0,43,2.5,5.9,0.429,0,0.8,0,2.5,5,0.5,0.429,3.3,3.3,1,1.7,0.8,2.5,8.4,4.2,0,1.7,1.7,8.4,
495,Trey Alexander,22,NOP,SG,5,0,42,5.1,7.7,0.667,1.7,2.6,0.667,3.4,5.1,0.667,0.778,0,0,NA,0,3.4,3.4,4.3,0.9,0.9,0.9,3.4,12,
496,Dario Šarić,31,SAC,C,5,0,41,0.9,5.3,0.167,0.9,2.6,0.333,0,2.6,0,0.25,1.8,1.8,1,0.9,4.4,5.3,1.8,0,0,1.8,2.6,4.4,
497,Patrick Baldwin Jr.,23,3TM,SF,5,0,41,4.4,9.7,0.455,1.8,4.4,0.4,2.6,5.3,0.5,0.545,3.5,5.3,0.667,2.6,2.6,5.3,0.9,0.9,0,1.8,6.1,14,
497,Patrick Baldwin Jr.,23,LAC,SF,2,0,12,9,12,0.75,6,9,0.667,3,3,1,1,6,6,1,0,3,3,0,0,0,3,6,30,
497,Patrick Baldwin Jr.,23,PHI,SF,1,0,2,0,0,NA,0,0,NA,0,0,NA,NA,0,0,NA,0,18,18,0,0,0,0,0,0,
497,Patrick Baldwin Jr.,23,SAC,SF,2,0,27,2.7,9.3,0.286,0,2.7,0,2.7,6.7,0.4,0.286,2.7,5.3,0.5,4,1.3,5.3,1.3,1.3,0,1.3,6.7,8,
498,TyTy Washington Jr.,24,LAC,PG,5,0,40,6.3,10.8,0.583,2.7,5.4,0.5,3.6,5.4,0.667,0.708,0,0,NA,0.9,0.9,1.8,8.1,3.6,1.8,0.9,1.8,15.3,
499,Malevy Leons,26,GSW,SF,6,0,39,4.6,10.2,0.455,0.9,2.8,0.333,3.7,7.4,0.5,0.5,3.7,5.5,0.667,6.5,9.2,15.7,2.8,2.8,1.8,2.8,4.6,13.8,
500,Garrett Temple,39,TOR,SG,14,0,38,0.9,6.6,0.143,0.9,4.7,0.2,0,1.9,0,0.214,0.9,1.9,0.5,0,3.8,3.8,3.8,2.8,0.9,2.8,2.8,3.8,
501,Skal Labissière,29,WAS,PF,3,0,38,5.7,9.5,0.6,0.9,4.7,0.2,4.7,4.7,1,0.65,0,0,NA,2.8,5.7,8.5,2.8,1.9,0.9,0.9,2.8,12.3,
502,MarJon Beauchamp,25,PHI,SF,2,0,36,6,14,0.429,3,7,0.429,3,7,0.429,0.536,3,4,0.75,1,6,7,5,3,1,3,0,18,
503,Charles Bassey,25,2TM,C,3,0,36,4,9,0.444,0,0,NA,4,9,0.444,0.444,1,3,0.333,7,8,15,2,1,2,1,5,9,
503,Charles Bassey,25,MEM,C,2,0,31,3.5,9.3,0.375,0,0,NA,3.5,9.3,0.375,0.375,1.2,3.5,0.333,8.1,9.3,17.4,2.3,1.2,1.2,1.2,5.8,8.1,
503,Charles Bassey,25,PHI,C,1,0,5,7.2,7.2,1,0,0,NA,7.2,7.2,1,1,0,0,NA,0,0,0,0,0,7.2,0,0,14.4,
504,Tyson Etienne,26,BRK,PG,8,0,34,4.2,15.9,0.267,4.2,13.8,0.308,0,2.1,0,0.4,0,0,NA,0,0,0,1.1,0,0,1.1,5.3,12.7,
505,Emanuel Miller,25,CHI,PF,5,0,33,6.5,14.2,0.462,2.2,6.5,0.333,4.4,7.6,0.571,0.538,1.1,2.2,0.5,1.1,2.2,3.3,4.4,2.2,0,0,2.2,16.4,
506,Jahmyl Telfort,24,LAC,PF,8,0,32,0,4.5,0,0,4.5,0,0,0,NA,0,1.1,4.5,0.25,0,3.4,3.4,1.1,1.1,0,1.1,5.6,1.1,
507,Seth Curry,35,GSW,SG,2,0,32,6.8,10.1,0.667,2.3,4.5,0.5,4.5,5.6,0.8,0.778,0,0,NA,1.1,3.4,4.5,3.4,2.3,0,0,3.4,15.8,
508,Curtis Jones,24,DEN,SG,6,0,31,4.6,16.3,0.286,1.2,10.5,0.111,3.5,5.8,0.6,0.321,0,0,NA,1.2,4.6,5.8,3.5,0,0,1.2,3.5,10.5,
509,Leaky Black,26,WAS,SF,1,0,30,2.4,3.6,0.667,0,1.2,0,2.4,2.4,1,0.667,0,0,NA,1.2,7.2,8.4,0,0,2.4,0,2.4,4.8,
510,Hunter Sallis,22,PHI,SG,7,0,26,4.2,6.9,0.6,0,0,NA,4.2,6.9,0.6,0.6,1.4,2.8,0.5,0,1.4,1.4,5.5,0,1.4,6.9,2.8,9.7,
511,Mark Sears,23,MIL,PG,7,0,26,8.3,18,0.462,5.5,11.1,0.5,2.8,6.9,0.4,0.615,8.3,11.1,0.75,1.4,1.4,2.8,2.8,0,0,5.5,5.5,30.5,
512,Orlando Robinson,25,ORL,C,4,1,25,4.3,7.2,0.6,1.4,2.9,0.5,2.9,4.3,0.667,0.7,0,0,NA,2.9,2.9,5.8,4.3,1.4,0,0,4.3,10.1,
513,Dillon Jones,24,NYK,SF,5,0,24,1.5,7.5,0.2,1.5,4.5,0.333,0,3,0,0.3,6,6,1,3,6,9,6,3,0,0,6,10.5,
514,Koby Brea,23,PHO,SG,5,0,23,7.8,14.1,0.556,6.3,11,0.571,1.6,3.1,0.5,0.778,3.1,3.1,1,0,3.1,3.1,4.7,0,0,0,0,25,
515,Tristan Enaruna,24,CLE,SF,4,0,23,6.3,14.1,0.444,0,3.1,0,6.3,11,0.571,0.444,0,1.6,0,7.8,3.1,11,3.1,0,0,1.6,0,12.5,
516,Chris Mañon,24,LAL,SG,5,0,21,0,1.7,0,0,1.7,0,0,0,NA,0,3.4,3.4,1,1.7,5.1,6.9,1.7,5.1,3.4,1.7,5.1,3.4,
517,Brandon Clarke,29,MEM,PF,2,2,20,5.4,16.2,0.333,0,0,NA,5.4,16.2,0.333,0.333,3.6,7.2,0.5,7.2,3.6,10.8,1.8,3.6,0,0,9,14.4,
518,Dalano Banton,26,2TM,PG,4,0,19,5.7,9.5,0.6,0,0,NA,5.7,9.5,0.6,0.6,0,0,NA,1.9,0,1.9,5.7,1.9,1.9,1.9,0,11.4,
518,Dalano Banton,26,LAC,PG,2,0,10,10.8,14.4,0.75,0,0,NA,10.8,14.4,0.75,0.75,0,0,NA,3.6,0,3.6,7.2,3.6,0,3.6,0,21.6,
518,Dalano Banton,26,BOS,PG,2,0,9,0,4,0,0,0,NA,0,4,0,0,0,0,NA,0,0,0,4,0,4,0,0,0,
519,Isaac Jones,25,2TM,PF,4,1,18,4,8,0.5,0,4,0,4,4,1,0.5,2,4,0.5,4,0,4,2,0,0,0,8,10,
519,Isaac Jones,25,SAC,PF,3,1,17,2.1,4.2,0.5,0,2.1,0,2.1,2.1,1,0.5,2.1,4.2,0.5,4.2,0,4.2,2.1,0,0,0,8.5,6.4,
519,Isaac Jones,25,DET,PF,1,0,1,36,72,0.5,0,36,0,36,36,1,0.5,0,0,NA,0,0,0,0,0,0,0,0,72,
520,Harrison Ingram,23,SAS,SF,5,0,17,8.5,10.6,0.8,2.1,2.1,1,6.4,8.5,0.75,0.9,0,0,NA,6.4,0,6.4,2.1,0,0,0,4.2,19.1,
521,Jacob Toppin,25,ATL,SF,5,0,17,8.5,12.7,0.667,0,0,NA,8.5,12.7,0.667,0.667,0,0,NA,0,2.1,2.1,2.1,0,2.1,0,2.1,16.9,
522,Chris Livingston,22,CLE,SF,3,0,17,8.5,14.8,0.571,0,6.4,0,8.5,8.5,1,0.571,2.1,2.1,1,0,6.4,6.4,2.1,2.1,0,0,8.5,19.1,
523,Buddy Boeheim,26,OKC,SF,4,0,15,4.8,14.4,0.333,4.8,14.4,0.333,0,0,NA,0.5,0,0,NA,0,0,0,0,0,0,0,2.4,14.4,
524,N'Faly Dante,24,ATL,C,4,0,15,2.4,9.6,0.25,0,0,NA,2.4,9.6,0.25,0.25,2.4,2.4,1,7.2,9.6,16.8,0,4.8,0,2.4,2.4,7.2,
525,Chucky Hepburn,22,TOR,PG,2,0,13,0,16.6,0,0,13.8,0,0,2.8,0,0,0,0,NA,0,2.8,2.8,5.5,2.8,0,2.8,5.5,0,
526,Tosan Evbuomwan,24,NYK,SF,5,0,8,0,4.5,0,0,0,NA,0,4.5,0,0,0,0,NA,4.5,4.5,9,0,0,0,0,4.5,0,
527,LJ Cryer,24,GSW,PG,3,0,8,9,22.5,0.4,9,18,0.5,0,4.5,0,0.6,0,0,NA,0,4.5,4.5,0,0,0,0,4.5,27,
528,Riley Minix,25,SAS,SF,3,0,8,18,27,0.667,4.5,13.5,0.333,13.5,13.5,1,0.75,0,0,NA,4.5,4.5,9,4.5,4.5,0,0,4.5,40.5,
529,Enrique Freeman,25,MIN,PF,2,0,8,0,0,NA,0,0,NA,0,0,NA,NA,0,0,NA,0,13.5,13.5,0,0,4.5,0,0,0,
530,Vladislav Goldin,24,MIA,C,2,0,8,9,9,1,0,0,NA,9,9,1,1,0,0,NA,0,4.5,4.5,9,0,4.5,0,13.5,18,
531,Stanley Umude,26,SAS,SG,2,0,7,5.1,10.3,0.5,0,5.1,0,5.1,5.1,1,0.5,0,0,NA,0,0,0,5.1,5.1,0,0,10.3,10.3,
532,Colby Jones,23,DET,SG,1,0,7,5.1,15.4,0.333,0,10.3,0,5.1,5.1,1,0.333,0,0,NA,0,20.6,20.6,10.3,0,0,0,5.1,10.3,
533,Mo Bamba,27,TOR,C,2,0,6,0,12,0,0,0,NA,0,12,0,0,0,0,NA,6,6,12,0,0,6,0,12,0,
534,Noa Essengue,19,CHI,PF,2,0,6,0,18,0,0,12,0,0,6,0,0,0,0,NA,0,0,0,0,6,0,0,6,0,
535,Trentyn Flowers,20,CHI,SF,2,0,6,12,18,0.667,0,6,0,12,12,1,0.667,0,0,NA,6,0,6,6,0,0,6,6,24,
536,Hunter Dickinson,25,NOP,C,1,0,5,7.2,14.4,0.5,0,0,NA,7.2,14.4,0.5,0.5,0,0,NA,0,0,0,0,0,7.2,14.4,14.4,14.4,
537,John Tonje,24,BOS,SG,1,0,4,0,9,0,0,9,0,0,0,NA,0,0,0,NA,0,0,0,0,0,0,0,9,0,
538,Rocco Zikarsky,19,MIN,C,1,0,4,0,0,NA,0,0,NA,0,0,NA,NA,0,0,NA,0,9,9,0,0,0,0,0,0,
539,Darius Brown II,26,CLE,SG,1,0,3,0,12,0,0,0,NA,0,12,0,0,0,0,NA,0,12,12,0,0,0,0,0,0,
540,Trevor Keels,22,MIA,SG,1,0,2,0,36,0,0,36,0,0,0,NA,0,0,0,NA,0,18,18,0,0,0,0,0,0,
541,Max Shulga,23,BOS,SG,1,0,2,0,18,0,0,0,NA,0,18,0,0,0,0,NA,0,0,0,0,0,0,0,0,0,
NA,League Average,NA,,,NA,NA,NA,NA,NA,0.469,NA,NA,0.359,NA,NA,0.547,0.543,NA,NA,0.784,NA,NA,NA,NA,NA,NA,NA,NA,NA,
